City,Country,Latitude,Longitude,Temperature (F),Humidity %,Cloudiness %,Wind Speed (mph)
Chumphon,TH,10.3333,98.8333,89.51,55.0,40.0,8.05
Djibouti,DJ,11.5,42.5,82.4,61.0,1.0,6.91
Rikitea,PF,-23.1203,-134.9692,80.24,72.0,98.0,21.05
Pevek,RU,69.7008,170.3133,-20.94,96.0,92.0,1.32
Kapaa,US,22.0752,-159.319,68.2,94.0,90.0,9.22
Omboué,GA,-1.5746,9.2618,72.77,93.0,98.0,4.5
Turbat,PK,26.0023,63.044,88.03,10.0,0.0,3.22
New Norfolk,AU,-42.7826,147.0587,67.51,49.0,93.0,3.0
Bandar-e Anzali,IR,37.4727,49.4622,53.6,71.0,75.0,4.61
Vaini,TO,-21.2,-175.2,77.0,94.0,75.0,8.05
Dawlatabad,AF,36.4141,64.9053,73.11,43.0,35.0,3.78
Salekhard,RU,66.53,66.6019,29.7,83.0,100.0,12.71
Cherskiy,RU,68.75,161.3,-10.68,95.0,94.0,3.67
Tsumeb,NA,-19.2333,17.7167,66.2,94.0,20.0,5.39
Sangar,RU,63.9242,127.4739,7.02,85.0,100.0,17.02
Upernavik,GL,72.7868,-56.1549,-29.09,83.0,26.0,4.99
Cabo San Lucas,MX,22.8909,-109.9124,60.22,82.0,1.0,11.5
Pustoshka,RU,56.3355,29.369,35.37,97.0,100.0,3.6
Lebu,CL,-37.6167,-73.65,51.71,87.0,2.0,10.87
Mitsamiouli,KM,-11.3847,43.2844,86.0,70.0,20.0,4.61
Bambous Virieux,MU,-20.3428,57.7575,84.11,70.0,75.0,6.91
Nemuro,JP,43.3236,145.575,39.2,65.0,40.0,14.97
Kristianstad,SE,56.0313,14.1524,40.39,93.0,90.0,4.61
Mar del Plata,AR,-38.0023,-57.5575,64.45,94.0,90.0,8.05
Boksitogorsk,RU,59.474,33.8485,34.0,88.0,97.0,3.0
Westport,IE,53.8,-9.5167,39.07,20.0,99.0,8.01
Provideniya,RU,64.3833,-173.3,3.2,78.0,75.0,11.18
Vila Franca do Campo,PT,37.7167,-25.4333,53.6,71.0,20.0,9.22
Hermanus,ZA,-34.4187,19.2345,63.0,95.0,78.0,11.32
Severo-Kuril'sk,RU,50.6789,156.125,29.41,73.0,100.0,8.23
Poltavka,RU,54.3663,71.7632,25.3,87.0,26.0,12.46
Avarua,CK,-21.2078,-159.775,80.6,83.0,40.0,9.22
Changping,CN,40.2186,116.2197,56.88,88.0,90.0,2.24
Pisco,PE,-13.7,-76.2167,65.68,82.0,0.0,11.5
La Romana,DO,18.4273,-68.9728,77.0,78.0,20.0,11.5
Saskylakh,RU,71.9167,114.0833,4.86,93.0,87.0,2.24
Punta Arenas,CL,-53.15,-70.9167,46.2,61.0,0.0,14.97
Kutum,SD,14.2,24.6667,70.05,16.0,35.0,12.44
Barrow,US,71.2906,-156.7887,-7.6,71.0,1.0,6.91
San Quintín,MX,30.4833,-115.95,55.85,74.0,37.0,11.14
Birao,CF,10.2849,22.7882,81.05,51.0,70.0,1.66
Busselton,AU,-33.65,115.3333,75.0,48.0,17.0,3.0
Cape Town,ZA,-33.9258,18.4232,67.06,77.0,75.0,18.41
Jamestown,SH,-15.9387,-5.7168,69.51,67.0,50.0,16.22
Tuktoyaktuk,CA,69.4541,-133.0374,-0.4,85.0,75.0,2.3
Butaritari,KI,3.0707,172.7902,81.36,78.0,66.0,14.63
West Bay,KY,19.3667,-81.4167,78.53,80.0,1.0,1.01
Staritsa,RU,56.5075,34.9354,34.16,99.0,100.0,3.04
Chui,UY,-33.6971,-53.4616,69.87,96.0,100.0,13.44
Victoria,SC,-4.6167,55.45,80.6,83.0,75.0,10.36
Umm Kaddadah,SD,13.6017,26.6876,75.15,15.0,5.0,26.11
Rawson,AR,-43.3002,-65.1023,54.14,58.0,0.0,12.75
Kumul,CN,42.8,93.45,63.54,19.0,18.0,2.64
Chhindwāra,IN,22.0667,78.9333,89.73,10.0,0.0,6.33
Saint-Augustin,CA,51.226,-58.6502,35.4,99.0,100.0,14.07
Sobolevo,RU,54.4299,31.8996,34.16,99.0,100.0,4.25
Effingham County,US,32.3669,-81.3332,68.0,88.0,1.0,8.05
Nísia Floresta,BR,-6.0911,-35.2086,74.34,94.0,75.0,6.91
Pangody,RU,65.85,74.4859,28.81,94.0,100.0,17.13
Ahipara,NZ,-35.1667,173.1667,66.87,70.0,97.0,10.47
Valparaíso,CL,-33.0393,-71.6273,46.4,100.0,0.0,2.3
Hobart,AU,-42.8794,147.3294,69.94,37.0,0.0,8.05
Puerto Ayora,EC,-0.7393,-90.3518,75.0,94.0,47.0,3.0
Pangnirtung,CA,66.1451,-65.7125,-29.61,77.0,8.0,5.14
Dingle,IE,52.1408,-10.2689,40.62,71.0,93.0,25.84
Thompson,CA,55.7435,-97.8558,19.4,73.0,90.0,5.75
Grindavik,IS,63.8424,-22.4338,23.0,86.0,75.0,27.63
Iwaki,JP,37.05,140.8833,55.45,51.0,60.0,8.01
Bluff,NZ,-46.6,168.3333,60.01,82.0,100.0,5.99
Mahébourg,MU,-20.4081,57.7,84.2,70.0,75.0,6.91
Sistranda,NO,63.7256,8.834,39.2,75.0,0.0,19.57
Dikson,RU,73.5069,80.5464,11.61,92.0,96.0,4.9
Aklavik,CA,68.2191,-135.0107,14.09,62.0,99.0,2.3
Koplik,AL,42.2136,19.4364,39.2,56.0,0.0,2.3
Atambua,ID,-9.1061,124.8925,82.45,72.0,98.0,3.6
Castro,CL,-42.4721,-73.7732,44.92,81.0,0.0,8.05
Chancay,PE,-11.5714,-77.2672,67.84,83.0,0.0,9.22
Umarga,IN,17.8333,76.6167,95.11,16.0,1.0,8.34
Christchurch,NZ,-43.5333,172.6333,62.37,77.0,85.0,8.05
Menzel Kamel,TN,35.6248,10.6673,50.0,87.0,0.0,6.91
Sola,VU,-13.8833,167.55,86.0,79.0,40.0,8.86
Baykit,RU,61.67,96.37,28.8,83.0,100.0,5.84
Octeville,FR,49.6261,-1.6435,47.93,87.0,90.0,18.41
Mahon,ES,39.8885,4.2658,53.6,94.0,75.0,5.75
Victor Harbor,AU,-35.5667,138.6167,75.0,50.0,62.0,12.15
Mayo,CA,63.5927,-135.8998,23.0,63.0,20.0,9.22
Pascagoula,US,30.3658,-88.5561,72.81,94.0,90.0,3.44
Inza,RU,53.8533,46.3586,31.73,95.0,100.0,4.81
Tasiilaq,GL,65.6145,-37.6368,-5.8,71.0,97.0,5.75
Kieta,PG,-6.2167,155.6333,83.44,78.0,83.0,8.16
Yellowknife,CA,62.456,-114.3525,-7.55,84.0,20.0,4.61
Columbia,US,34.0007,-81.0348,70.23,83.0,75.0,12.66
Rāvar,IR,31.2656,56.8055,82.44,13.0,14.0,12.44
São Filipe,CV,14.8961,-24.4956,69.57,78.0,11.0,15.84
Klaksvík,FO,62.2266,-6.589,39.2,75.0,20.0,12.66
East London,ZA,-33.0153,27.9116,68.0,88.0,0.0,5.75
Sisimiut,GL,66.9395,-53.6735,-5.04,95.0,100.0,8.16
Nome,US,64.5011,-165.4064,3.29,78.0,90.0,9.22
Port Alfred,ZA,-33.5906,26.891,70.63,77.0,21.0,19.46
Longyearbyen,SJ,78.2186,15.6401,10.4,85.0,40.0,12.66
Saint Paul Harbor,US,57.79,-152.4072,35.6,55.0,20.0,9.22
Coyhaique,CL,-45.5752,-72.0662,40.1,87.0,95.0,4.21
Isangel,VU,-19.55,169.2667,82.4,69.0,20.0,6.08
Nikolskoye,RU,59.7035,30.7861,33.96,93.0,90.0,6.71
Dakar,SN,14.6937,-17.4441,66.2,94.0,2.0,18.41
Padang,ID,-0.9492,100.3543,86.0,79.0,40.0,6.91
Kahului,US,20.8947,-156.47,74.19,88.0,40.0,6.91
Hilo,US,19.7297,-155.09,69.91,83.0,75.0,3.44
Talnakh,RU,69.4865,88.3972,18.21,91.0,100.0,11.95
Ponta do Sol,CV,17.1994,-25.0919,69.8,64.0,20.0,26.46
Tautira,PF,-17.7333,-149.15,82.2,69.0,40.0,2.3
Kourou,GF,5.1552,-52.6478,77.18,100.0,75.0,7.94
Paraiso,MX,18.4,-93.2333,78.58,80.0,0.0,3.85
Chokurdakh,RU,70.6333,147.9167,-14.84,93.0,85.0,5.14
Ponta Delgada,PT,37.7333,-25.6667,53.6,71.0,20.0,9.22
Mana,GF,5.6592,-53.7767,74.71,90.0,30.0,8.57
Albany,AU,-35.0169,117.8917,71.6,49.0,40.0,6.91
Carutapera,BR,-1.195,-46.02,72.05,97.0,100.0,0.34
Hithadhoo,MV,-0.6,73.0833,83.5,69.0,92.0,5.23
Kaitangata,NZ,-46.2817,169.8464,64.0,85.0,100.0,1.63
Kushima,JP,31.4583,131.2333,70.66,35.0,20.0,10.36
Kununurra,AU,-15.7667,128.7333,96.8,52.0,40.0,5.75
Tuatapere,NZ,-46.1333,167.6833,60.01,82.0,100.0,5.99
Samarai,PG,-10.6167,150.6667,85.14,71.0,25.0,14.34
Merrill,US,45.1805,-89.6835,28.4,80.0,90.0,3.44
Camagüey,CU,21.3808,-77.9169,71.6,94.0,18.0,8.05
Omsukchan,RU,62.5333,155.8,-3.35,86.0,60.0,2.86
Rocha,UY,-34.4833,-54.3333,64.92,94.0,100.0,9.62
Atar,MR,20.5169,-13.0499,71.91,9.0,0.0,4.68
Qaanaaq,GL,77.484,-69.3632,-19.97,53.0,49.0,9.08
Carandaí,BR,-20.9536,-43.8064,61.79,97.0,98.0,2.82
Khatanga,RU,71.9667,102.5,7.81,86.0,63.0,2.91
Podhum,BA,43.7231,17.0011,48.2,66.0,0.0,2.3
Cartagena,CO,10.3997,-75.5144,78.8,83.0,40.0,4.61
Guarujá,BR,-23.9931,-46.2564,80.01,26.0,13.0,3.65
Caravelas,BR,-17.7125,-39.2481,73.18,86.0,0.0,2.42
Clyde River,CA,70.4692,-68.5914,-16.6,69.0,1.0,5.75
Malm,NO,64.0721,11.2172,37.45,87.0,20.0,10.36
Leningradskiy,RU,69.3833,178.4167,-18.6,98.0,70.0,1.48
Floresta,CO,5.859,-72.9188,51.91,93.0,99.0,3.2
Vao,NC,-22.6667,167.4833,77.63,75.0,8.0,11.88
Jinchang,CN,38.4953,102.1739,58.41,12.0,1.0,8.52
Atuona,PF,-9.8,-139.0333,80.58,78.0,27.0,22.3
Lüderitz,NA,-26.6481,15.1594,61.21,94.0,30.0,5.86
Srednekolymsk,RU,67.45,153.6833,-0.9,80.0,100.0,6.71
Xaçmaz,AZ,41.4635,48.806,45.81,75.0,97.0,5.97
Cidreira,BR,-30.1811,-50.2056,73.13,91.0,34.0,12.97
Dombarovskiy,RU,50.7587,59.5386,25.65,92.0,100.0,11.48
Novobirilyussy,RU,56.9514,90.6661,32.45,83.0,100.0,5.73
Saint-Philippe,RE,-21.3585,55.7679,81.34,65.0,0.0,4.61
Ushuaia,AR,-54.8,-68.3,37.4,93.0,40.0,20.71
Hambantota,LK,6.1241,81.1185,87.8,74.0,75.0,4.61
Yandyki,RU,45.7691,47.1258,39.0,72.0,100.0,23.69
Kaihua,CN,23.3687,104.28,80.69,29.0,16.0,15.28
Comodoro Rivadavia,AR,-45.8667,-67.5,59.0,29.0,0.0,13.8
Kingaroy,AU,-26.5333,151.8333,82.13,26.0,1.0,5.75
Bengkulu,ID,-3.8004,102.2655,85.26,65.0,77.0,8.34
Khovd,MN,48.0056,91.6419,53.02,23.0,3.0,25.77
Akdepe,TM,42.0551,59.3788,53.64,71.0,0.0,11.5
Saint George,BM,32.3817,-64.6781,66.02,94.0,20.0,1.14
Port Elizabeth,ZA,-33.918,25.5701,68.0,83.0,0.0,10.36
Lompoc,US,34.6391,-120.4579,47.73,71.0,90.0,8.05
Merowe,SD,18.4833,31.8167,74.07,14.0,5.0,21.27
Arraial do Cabo,BR,-22.9661,-42.0278,75.16,84.0,2.0,4.23
Viedma,AR,-40.8135,-62.9967,51.93,72.0,94.0,5.19
Tanete,ID,-3.9443,119.7848,85.84,68.0,94.0,6.42
Port Moresby,PG,-9.4431,147.1797,87.8,70.0,40.0,11.5
Kazachinskoye,RU,57.6953,93.2761,32.14,82.0,100.0,2.89
Hays,US,30.0502,-98.0336,54.16,55.0,0.0,1.01
Baculin,PH,7.4525,126.5842,85.6,66.0,99.0,10.76
Chernyshevskiy,RU,63.0128,112.4714,24.93,91.0,100.0,13.47
Pimentel,PE,-6.8367,-79.9342,69.01,86.0,56.0,3.0
Matara,LK,5.9485,80.5353,88.63,61.0,78.0,12.64
Kuching,MY,1.55,110.3333,87.8,74.0,40.0,8.05
Parfen'yevo,RU,58.484,43.4088,33.46,98.0,100.0,4.5
Geraldton,AU,-28.7667,114.6,82.4,39.0,21.0,18.41
Dunedin,NZ,-45.8742,170.5036,60.01,82.0,51.0,4.0
Taltal,CL,-25.4,-70.4833,65.62,78.0,0.0,3.15
Moerai,PF,-22.4333,-151.3333,80.78,79.0,35.0,18.1
Lubango,AO,-14.9172,13.4925,60.15,97.0,100.0,1.03
Willowmore,ZA,-33.2926,23.4895,64.26,64.0,42.0,3.27
Bonavista,CA,48.6499,-53.1147,41.0,93.0,96.0,11.5
Kavieng,PG,-2.5744,150.7967,83.97,75.0,98.0,13.15
Calatayud,ES,41.3535,-1.6432,45.68,100.0,90.0,4.74
Calvià,ES,39.5657,2.5062,48.49,100.0,40.0,2.3
Manokwari,ID,-0.8667,134.0833,79.79,81.0,100.0,3.4
Tura,RU,64.2833,100.25,25.56,70.0,96.0,13.2
Shache,CN,38.4167,77.2406,66.67,16.0,100.0,8.77
Nurota,UZ,40.5614,65.6886,66.2,68.0,94.0,9.22
Sioux Lookout,CA,50.1001,-91.917,24.8,74.0,75.0,6.91
Aurora,PH,13.3481,122.5206,84.9,67.0,77.0,5.1
Killarney,CA,49.1833,-99.6636,39.2,65.0,75.0,13.8
Bosaso,SO,11.2842,49.1816,84.51,37.0,5.0,4.41
Bethel,US,41.3712,-73.414,54.19,88.0,90.0,9.22
Oussouye,SN,12.485,-16.5469,69.8,88.0,0.0,4.61
Bredasdorp,ZA,-34.5322,20.0403,62.6,94.0,80.0,3.31
Ulladulla,AU,-35.35,150.4667,69.26,64.0,40.0,11.5
Domoni,KM,-12.2569,44.5319,83.73,75.0,23.0,1.74
Olafsvik,IS,64.8945,-23.7142,19.45,79.0,100.0,20.98
Sakaiminato,JP,35.55,133.2333,62.6,39.0,20.0,12.66
Oyama,JP,36.3,139.8,65.82,44.0,75.0,12.66
Simao,CN,22.7886,100.9748,87.4,16.0,4.0,8.57
Khorixas,NA,-20.3667,14.9667,67.77,77.0,81.0,3.27
Bulgan,MN,48.8125,103.5347,47.25,18.0,94.0,11.05
Elmadağ,TR,39.9208,33.2308,28.26,74.0,75.0,6.91
San Patricio,MX,19.2167,-104.7,66.67,53.0,72.0,5.53
Young,AU,-34.3167,148.3,64.0,58.0,66.0,3.0
Arrondissement de Soissons,FR,49.3333,3.3333,39.99,85.0,13.0,1.99
Zhigansk,RU,66.7697,123.3711,9.64,90.0,100.0,22.62
Uray,RU,60.1247,64.7758,34.41,97.0,41.0,9.51
Marsh Harbour,BS,26.5412,-77.0636,75.24,80.0,40.0,13.4
Vitim,RU,59.4511,112.5578,31.95,78.0,100.0,8.81
Half Moon Bay,US,37.4636,-122.4286,46.22,87.0,40.0,7.94
Moranbah,AU,-22.0016,148.0466,89.51,28.0,0.0,7.94
Tadine,NC,-21.55,167.8833,79.07,68.0,36.0,10.94
Port Macquarie,AU,-31.4333,152.9167,75.04,53.0,2.0,1.99
Itarema,BR,-2.9248,-39.9167,75.54,87.0,97.0,4.34
Seymchan,RU,62.8833,152.4333,1.18,79.0,55.0,3.36
Departamento de Maldonado,UY,-34.6667,-54.9167,68.0,100.0,0.0,3.44
Três Passos,BR,-27.4556,-53.9319,71.01,93.0,62.0,4.21
Sabang,PH,14.6951,120.2507,89.6,51.0,75.0,16.11
Salalah,OM,17.0151,54.0924,82.4,54.0,0.0,2.3
Maniitsoq,GL,65.4167,-52.9,-7.31,94.0,67.0,14.07
Mount Isa,AU,-20.7333,139.5,95.0,17.0,1.0,8.05
Buldāna,IN,20.5333,76.1833,91.35,9.0,0.0,9.93
Rūdbār,AF,30.15,62.6,90.54,13.0,2.0,11.27
Cunha,BR,-23.0744,-44.9597,62.67,96.0,67.0,1.25
Lorengau,PG,-2.0226,147.2712,85.82,68.0,99.0,9.1
Tilichiki,RU,60.4667,166.1,8.73,81.0,100.0,16.82
Salvador,BR,-12.9711,-38.5108,78.8,65.0,20.0,8.05
Hereford,US,34.8151,-102.3977,45.07,65.0,1.0,6.91
Karaman Province,TR,37.0833,33.25,25.59,90.0,99.0,11.88
Aquiraz,BR,-3.9014,-38.3911,74.41,100.0,75.0,3.44
San José,GT,16.9833,-89.9,70.77,94.0,1.0,3.53
Pozoblanco,ES,38.3791,-4.8483,41.0,93.0,0.0,0.74
Gaoua,BF,10.2992,-3.2508,79.11,55.0,20.0,4.63
Vestmannaeyjar,IS,63.4427,-20.2734,28.58,82.0,100.0,21.52
Svetlogorsk,RU,54.9399,20.1548,37.63,93.0,40.0,2.24
Puerto Escondido,MX,15.85,-97.0667,74.44,74.0,4.0,5.01
Rudnya,RU,54.947,31.0934,37.2,93.0,75.0,6.71
Torbay,CA,47.6666,-52.7314,42.49,100.0,90.0,20.71
Alofi,NU,-19.0595,-169.9187,80.6,89.0,14.0,8.05
Oktyabr'skoye,RU,43.0645,44.7417,38.1,75.0,75.0,8.95
Martil,MA,35.6166,-5.2752,46.4,93.0,89.0,6.91
Mingora,PK,34.7758,72.3625,72.43,31.0,14.0,2.3
Hofn,IS,64.2539,-15.2082,30.09,82.0,100.0,14.85
Cajibío,CO,2.6227,-76.5704,57.45,96.0,100.0,3.02
Kiama,AU,-34.6833,150.8667,68.97,73.0,39.0,5.99
Voznesen'ye,RU,61.0106,35.4781,34.25,91.0,100.0,7.31
Roma,AU,-26.5833,148.7833,81.66,27.0,3.0,5.64
Narsaq,GL,60.9167,-46.05,5.0,36.0,44.0,11.5
Moose Factory,CA,51.2585,-80.6094,4.08,85.0,1.0,4.61
Songea,TZ,-10.6833,35.65,66.2,94.0,75.0,0.56
Oakland,US,42.6667,-83.3999,42.55,87.0,90.0,18.41
Carnarvon,AU,-24.8667,113.6333,78.8,57.0,98.0,14.97
Pentecoste,BR,-3.7928,-39.2703,71.6,95.0,81.0,2.75
Winslow,US,35.0242,-110.6974,43.43,52.0,90.0,11.5
Laguna,BR,-28.4825,-48.7808,71.83,91.0,45.0,9.93
Nyrob,RU,60.733,56.7202,32.77,97.0,100.0,4.97
Fortuna,US,40.5982,-124.1573,44.98,87.0,90.0,8.05
Alice Springs,AU,-23.7,133.8833,88.99,18.0,3.0,4.61
Peniche,PT,39.3558,-9.3811,46.29,91.0,99.0,9.01
Saldanha,ZA,-33.0117,17.9442,64.4,88.0,79.0,11.5
Muhos,FI,64.808,25.9931,27.3,93.0,0.0,4.61
Barra do Corda,BR,-5.5,-45.25,71.13,99.0,100.0,4.5
Santa Rosalía,MX,27.3167,-112.2833,56.43,59.0,0.0,9.95
Nizwá,OM,22.9333,57.5333,87.78,22.0,5.0,5.19
Yichang,CN,30.7144,111.2847,61.0,73.0,93.0,1.01
Porirua,NZ,-41.1333,174.85,63.61,83.0,1.0,7.0
Katsuura,JP,35.1333,140.3,67.05,28.0,20.0,8.05
Uyskoye,RU,54.3775,60.0047,29.62,74.0,7.0,3.13
Andenes,NO,69.3143,16.1194,34.27,75.0,0.0,12.66
Tema,GH,5.667,-0.0166,77.0,88.0,84.0,2.3
Nanortalik,GL,60.1432,-45.2371,11.25,56.0,81.0,13.76
Souillac,MU,-20.5167,57.5167,84.2,70.0,75.0,6.91
Riyadh,SA,24.6877,46.7219,68.25,42.0,1.0,6.91
Oranjestad,AW,12.524,-70.027,78.8,78.0,40.0,17.27
Guerrero Negro,MX,27.9769,-114.0611,56.28,83.0,1.0,7.16
Ribeira Grande,PT,38.5167,-28.7,57.29,63.0,80.0,13.24
Kalawit,PH,8.0667,122.5167,85.24,72.0,92.0,14.32
Sidney,US,40.2842,-84.1555,60.62,100.0,100.0,30.51
Koforidua,GH,6.0941,-0.2591,77.0,88.0,55.0,2.3
Saint-Pierre,PM,46.7654,-56.1695,36.46,99.0,96.0,14.72
Skjervøy,NO,70.0311,20.9714,24.8,68.0,0.0,13.8
Cerano,MX,20.1167,-101.3833,60.8,36.0,1.0,3.04
Noumea,NC,-22.2763,166.4572,85.33,65.0,75.0,8.05
Maceió,BR,-9.6658,-35.7353,71.6,100.0,40.0,2.3
Dubbo,AU,-32.25,148.6167,75.2,38.0,12.0,9.22
Camacha,PT,33.0833,-16.3333,64.4,72.0,20.0,23.02
Mackay,AU,-21.15,149.2,84.13,65.0,2.0,14.97
Tongzi,CN,28.7829,105.0877,60.96,76.0,100.0,7.16
Pathein,MM,16.7833,94.7333,101.19,25.0,7.0,12.5
Cayenne,GF,4.9333,-52.3333,77.41,100.0,75.0,10.0
Thanh Hoa,VN,19.8,105.7667,81.59,69.0,100.0,12.55
Bellevue,US,47.6104,-122.2007,40.96,76.0,90.0,2.26
Faanui,PF,-16.4833,-151.75,83.64,73.0,33.0,20.94
Esperance,AU,-33.8667,121.9,69.8,56.0,75.0,12.66
Acapulco de Juárez,MX,16.8634,-99.8901,74.43,76.0,3.0,3.0
Makakilo City,US,21.3469,-158.0858,75.78,73.0,75.0,5.75
Belaya Gora,RU,68.5333,146.4167,-4.34,86.0,86.0,3.0
Teknāf,BD,20.8624,92.3058,91.56,34.0,76.0,12.73
Chingola,ZM,-12.529,27.8838,63.63,94.0,95.0,3.31
Pāsighāt,IN,28.0667,95.3333,91.62,13.0,1.0,5.48
Huadian,CN,42.9633,126.7478,58.35,26.0,100.0,6.35
Beringovskiy,RU,63.05,179.3167,7.11,97.0,99.0,5.26
Shingū,JP,33.7333,135.9833,66.2,32.0,75.0,23.02
Chapais,CA,49.7834,-74.8492,24.8,93.0,90.0,9.22
Naze,JP,28.3667,129.4833,71.6,56.0,75.0,11.5
Westport,NZ,-41.7526,171.6037,61.66,79.0,33.0,5.68
Kruisfontein,ZA,-34.0033,24.7314,68.0,82.0,26.0,1.99
Ryōtsu-minato,JP,38.0833,138.4333,51.8,71.0,20.0,11.5
Georgetown,SH,-7.9333,-14.4167,79.38,75.0,31.0,11.9
Petatlán,MX,17.5167,-101.2667,69.53,79.0,0.0,2.73
Norman Wells,CA,65.282,-126.8329,15.8,62.0,75.0,2.3
Prince Rupert,CA,54.3161,-130.3201,41.0,87.0,90.0,5.75
Mandan,US,46.8267,-100.8896,42.03,75.0,75.0,5.75
Altay,CN,47.8667,88.1167,36.21,88.0,100.0,5.68
Kedrovyy,RU,56.1667,91.8167,32.0,74.0,75.0,6.71
Kyra,RU,49.5776,111.9753,42.66,31.0,30.0,16.73
Sinjār,IQ,36.3209,41.8754,50.29,54.0,63.0,8.01
Vaitape,PF,-16.5167,-151.75,83.66,73.0,35.0,20.85
Chernyshevsk,RU,52.5243,117.0174,32.65,98.0,100.0,6.78
Nouakchott,MR,18.0858,-15.9785,66.2,72.0,37.0,13.8
Deputatsky,RU,69.3,139.9,-4.99,87.0,36.0,1.59
Riviere-au-Renard,CA,48.9957,-64.3971,39.2,93.0,40.0,4.61
Naranjal,EC,-2.6667,-79.6167,76.39,78.0,75.0,9.22
Katherine,AU,-14.4667,132.2667,95.0,49.0,40.0,9.22
Vardø,NO,70.3705,31.1107,23.0,68.0,0.0,8.05
Tomatlán,MX,19.9333,-105.25,61.72,56.0,37.0,3.4
Opuwo,NA,-18.0607,13.84,67.15,82.0,100.0,3.98
Huéscar,ES,37.811,-2.5412,44.51,72.0,86.0,1.63
Praia da Vitória,PT,38.7333,-27.0667,55.0,58.0,75.0,11.07
Ganta,LR,7.3022,-8.5308,68.41,97.0,24.0,0.51
Nyaunglebin,MM,17.95,96.7333,104.23,23.0,56.0,8.66
Hamilton,BM,32.2915,-64.778,66.29,94.0,20.0,1.14
El Tarra,CO,8.5756,-73.0949,73.74,98.0,97.0,1.99
Amapá,BR,1.0,-52.0,69.26,99.0,100.0,1.07
Mantua,CU,22.2889,-84.2844,74.48,89.0,0.0,8.68
Lukulu,ZM,-14.3707,23.242,68.76,82.0,94.0,3.83
Orlik,RU,52.5178,99.825,24.84,77.0,100.0,1.48
Powassan,CA,46.0334,-79.3496,37.62,93.0,90.0,14.97
Östersund,SE,63.1792,14.6357,30.24,86.0,0.0,6.91
Yining,CN,29.0361,114.5636,79.54,41.0,44.0,4.81
Natal,BR,-5.795,-35.2094,74.34,94.0,75.0,6.91
Yulara,AU,-25.2406,130.9889,93.2,22.0,32.0,9.22
Chiredzi,ZW,-21.05,31.6667,71.33,68.0,43.0,2.19
Mangit,UZ,40.5971,70.9607,57.2,77.0,40.0,4.61
Daru,PG,-9.0763,143.2092,84.58,71.0,100.0,8.21
Bandarbeyla,SO,9.4942,50.8122,81.57,60.0,54.0,12.91
Sozimskiy,RU,59.7418,52.2482,32.97,94.0,100.0,4.59
Aksu,CN,41.1231,80.2644,63.77,19.0,89.0,3.0
Flin Flon,CA,54.7682,-101.865,24.39,97.0,100.0,3.76
Itararé,BR,-24.1125,-49.3317,68.0,99.0,23.0,3.58
Chumikan,RU,54.7183,135.315,30.13,66.0,21.0,8.79
Burns Lake,CA,54.2331,-125.7533,33.8,69.0,65.0,3.44
Micheweni,TZ,-4.9667,39.8333,85.75,64.0,39.0,2.35
Iqaluit,CA,63.7506,-68.5145,-27.2,68.0,1.0,16.11
Muros,ES,42.7762,-9.0603,45.77,90.0,74.0,4.14
Anadyr,RU,64.75,177.4833,6.35,78.0,75.0,2.24
Kirakira,SB,-10.4544,161.9205,84.29,74.0,45.0,8.99
Pālang,BD,23.2167,90.35,89.6,58.0,40.0,4.61
Kupang,ID,-10.1667,123.5833,89.6,66.0,40.0,9.22
Szczecin,PL,53.4289,14.553,41.74,93.0,80.0,5.75
Bar Harbor,US,44.3876,-68.2039,45.05,100.0,90.0,4.61
Ilulissat,GL,69.2167,-51.1,-9.4,64.0,75.0,5.75
Malatya Province,TR,38.5,38.0,35.6,87.0,75.0,3.44
Bambanglipuro,ID,-7.95,110.2833,85.78,66.0,95.0,8.79
Gimli,CA,50.6336,-96.9907,35.6,64.0,100.0,20.71
Āsosa,ET,10.0667,34.5333,81.59,27.0,65.0,3.15
Şabyā,SA,17.1495,42.6254,86.0,66.0,20.0,6.91
Itamaracá,BR,-7.7478,-34.8256,75.2,83.0,40.0,5.75
Serenje,ZM,-13.2325,30.2352,63.88,90.0,98.0,3.36
Hūn,LY,29.1268,15.9477,49.15,70.0,0.0,3.96
Raychikhinsk,RU,49.7838,129.4121,39.88,55.0,81.0,6.73
Colesberg,ZA,-30.72,25.0972,59.18,68.0,0.0,3.13
Hulyaypole,UA,47.6653,36.2578,33.53,99.0,100.0,7.11
Nhulunbuy,AU,-12.2333,136.7667,87.8,66.0,40.0,11.5
Ucluelet,CA,48.9329,-125.5528,43.0,88.0,11.0,0.56
Malartic,CA,48.1335,-78.1328,23.83,93.0,90.0,13.8
Shimoda,JP,34.6667,138.95,60.17,55.0,20.0,2.3
Laguna de Perlas,NI,12.3429,-83.6712,76.78,86.0,18.0,12.28
Salinas,BR,-16.1703,-42.2903,64.08,83.0,1.0,1.3
Vila do Maio,CV,15.1333,-23.2167,68.0,77.0,20.0,19.57
Pirgos,GR,35.1167,25.7178,49.01,57.0,20.0,6.91
San Fernando del Valle de Catamarca,AR,-28.4696,-65.7852,59.0,94.0,79.0,14.47
Namatanai,PG,-3.6667,152.4333,84.49,71.0,75.0,9.8
Kennewick,US,46.2113,-119.1372,43.97,87.0,1.0,5.86
Río Gallegos,AR,-51.6226,-69.2181,48.2,49.0,0.0,18.41
Lagoa,PT,39.05,-27.9833,56.79,61.0,99.0,12.26
Lebyazh'ye,RU,55.2689,66.4947,26.22,84.0,7.0,12.59
Labuhan,ID,-6.8844,112.2051,86.2,67.0,98.0,3.04
Yar-Sale,RU,66.8333,70.8333,27.54,91.0,99.0,16.69
Korla,CN,41.7597,86.1469,64.83,20.0,86.0,22.77
Talcahuano,CL,-36.7167,-73.1167,46.4,93.0,0.0,3.44
Tabuk,SA,28.3833,36.5833,57.2,35.0,0.0,9.22
Giyani,ZA,-23.3025,30.7187,72.37,59.0,3.0,2.84
Al Bardīyah,LY,31.7561,25.0865,52.92,67.0,73.0,9.1
Fukuechō,JP,32.6881,128.8419,69.8,28.0,0.0,8.05
Chiknāyakanhalli,IN,13.4172,76.6228,93.56,13.0,21.0,11.54
Kaeo,NZ,-35.1,173.7833,66.0,86.0,95.0,10.0
Lac-Mégantic,CA,45.5834,-70.8823,45.0,100.0,100.0,3.76
Zhigalovo,RU,54.8097,105.1578,35.04,70.0,95.0,5.82
Sosnovo-Ozerskoye,RU,52.5249,111.5418,32.72,76.0,97.0,10.18
Angoche,MZ,-16.2325,39.9086,78.49,82.0,31.0,7.29
Dukat,RU,62.55,155.55,-6.0,88.0,59.0,2.57
São Domingos,BR,-13.3983,-46.3183,66.69,47.0,96.0,4.27
Teya,RU,60.3778,92.6267,29.35,76.0,99.0,5.57
Aden,YE,12.7794,45.0367,80.29,63.0,18.0,19.06
Gamba,GA,-2.65,10.0,73.02,91.0,96.0,4.94
Killybegs,IE,54.6333,-8.45,34.0,94.0,100.0,1.99
Lahat,ID,-3.8,103.5333,83.41,81.0,79.0,3.6
Qaqortoq,GL,60.7167,-46.0333,5.0,36.0,56.0,11.5
Tessalit,ML,20.1986,1.0114,65.1,12.0,0.0,9.31
Pamplona,ES,42.8169,-1.6432,41.13,100.0,0.0,1.7
Aykhal,RU,66.0,111.5,18.52,89.0,100.0,6.51
Lysyye Gory,RU,51.5506,44.8414,27.75,83.0,62.0,10.33
Ust-Maya,RU,60.4167,134.5333,15.4,76.0,100.0,5.61
Cap Malheureux,MU,-19.9842,57.6142,84.0,71.0,58.0,1.01
Troitskoye,RU,52.9821,84.6757,28.6,86.0,100.0,11.68
Marquette,US,46.5333,-87.6335,27.75,82.0,100.0,4.0
Teguise,ES,29.0605,-13.564,69.8,46.0,0.0,5.75
Constitución,CL,-35.3333,-72.4167,52.09,75.0,0.0,6.46
Ixtapa,MX,20.7,-105.2,64.99,73.0,36.0,1.01
Bhilwara,IN,25.35,74.6333,89.89,11.0,0.0,4.23
Zemio,CF,5.0314,25.1361,72.05,89.0,100.0,7.9
Surubim,BR,-7.8331,-35.7547,71.6,94.0,75.0,9.22
Cody,US,44.5263,-109.0565,32.29,69.0,90.0,9.22
Qasigiannguit,GL,68.8193,-51.1922,-9.4,64.0,75.0,5.75
Antalaha,MG,-14.9003,50.2788,83.93,68.0,83.0,3.49
Jati,PK,24.3539,68.2671,96.8,11.0,0.0,8.08
Constitucion,MX,23.9912,-104.6749,46.67,25.0,0.0,6.73
Ndélé,CF,8.4109,20.6473,75.47,76.0,100.0,7.27
Ancud,CL,-41.8697,-73.8203,44.28,81.0,0.0,8.05
Watsa,CD,3.0372,29.5355,67.46,92.0,100.0,6.04
Garoowe,SO,8.4054,48.4845,77.0,48.0,81.0,16.42
Biryusinsk,RU,55.9634,97.8235,34.86,78.0,100.0,3.18
San Andrés,CO,12.5847,-81.7006,80.6,78.0,40.0,12.66
Biloela,AU,-24.4167,150.5,86.05,27.0,0.0,4.85
Meulaboh,ID,4.1363,96.1285,80.31,84.0,93.0,4.61
Shāntipur,IN,23.25,88.4667,93.2,24.0,75.0,3.44
Prieska,ZA,-29.6641,22.7474,69.42,39.0,1.0,5.93
Itiruçu,BR,-13.5317,-40.1503,61.12,95.0,30.0,4.43
Lewiston,US,44.1003,-70.2148,44.89,100.0,90.0,3.04
Tomigusuku,JP,26.185,127.675,73.85,64.0,40.0,14.97
Tiksi,RU,71.6872,128.8694,12.56,79.0,100.0,13.6
Gao,ML,16.6362,1.637,69.24,12.0,52.0,14.45
Hasaki,JP,35.7333,140.8333,63.19,44.0,75.0,9.22
Erzurum Province,TR,40.0,41.5,28.4,86.0,75.0,4.61
Elgoibar,ES,43.216,-2.4133,46.0,93.0,100.0,2.01
Madison Heights,US,42.4859,-83.1052,42.67,100.0,90.0,9.22
Bitlis Province,TR,38.5,42.25,36.12,100.0,90.0,5.75
Princeton,CA,49.458,-120.5108,35.6,75.0,22.0,1.72
Broken Hill,AU,-31.95,141.4333,66.2,55.0,100.0,12.66
Severodvinsk,RU,64.5635,39.8302,32.0,86.0,75.0,13.42
Flagstaff,US,35.1981,-111.6513,33.1,60.0,90.0,18.41
Pajapan,MX,18.25,-94.7,72.73,78.0,0.0,6.29
Moïssala,TD,8.3404,17.7663,78.46,58.0,100.0,7.2
Bilibino,RU,68.0546,166.4372,-8.23,90.0,56.0,1.83
Tiznit Province,MA,29.5833,-9.5,66.97,15.0,99.0,20.47
Lashio,MM,22.9333,97.75,93.63,15.0,27.0,4.52
Niamey,NE,13.5137,2.1098,84.2,14.0,45.0,10.36
Sortland,NO,68.6949,15.4162,30.92,74.0,75.0,6.91
Port Lincoln,AU,-34.7333,135.8667,68.99,53.0,15.0,15.35
Northam,AU,-31.6667,116.6667,80.82,29.0,0.0,5.75
Pemba,MZ,-12.974,40.5178,78.8,83.0,75.0,5.75
Oranjemund,NA,-28.55,16.4333,60.98,91.0,81.0,0.78
Severo-Yeniseyskiy,RU,60.3725,93.0408,25.81,78.0,98.0,5.41
Vostok,RU,46.4856,135.8833,37.09,66.0,10.0,3.65
Callaway,US,30.153,-85.5699,70.45,100.0,90.0,14.97
Turukhansk,RU,65.8167,87.9833,23.41,88.0,100.0,15.26
Humaitá,BR,-7.5061,-63.0208,72.12,98.0,100.0,2.39
Champerico,GT,14.3,-91.9167,65.46,93.0,17.0,6.26
Mezen',RU,65.8522,44.24,29.26,93.0,78.0,6.24
Cockburn Town,BS,24.0333,-74.5167,76.82,77.0,2.0,17.31
São Félix do Xingu,BR,-6.6447,-51.995,67.96,99.0,99.0,1.34
Bay Roberts,CA,47.5999,-53.2648,43.11,94.0,80.0,1.99
Cowra,AU,-33.8333,148.6833,66.65,51.0,56.0,4.0
Kuminskiy,RU,58.6667,66.5667,35.44,99.0,99.0,7.43
Mergen,CN,49.1833,125.2167,41.31,62.0,100.0,13.13
Aguçadoura,PT,41.4318,-8.7804,45.54,93.0,20.0,3.44
Ōhara,JP,35.25,140.3833,65.88,28.0,20.0,8.05
Coffs Harbour,AU,-30.3,153.1333,74.88,57.0,8.0,8.05
College,US,64.8569,-147.8028,25.39,74.0,75.0,5.75
Coquimbo,CL,-29.9533,-71.3436,53.6,87.0,0.0,4.61
Ambovombe,MG,-25.1667,46.0833,78.39,63.0,27.0,6.02
Kānker,IN,20.2719,81.4931,98.42,11.0,1.0,7.78
Cserkeszőlő,HU,46.8632,20.187,33.8,75.0,0.0,3.15
Galle,LK,6.0367,80.217,88.68,60.0,87.0,6.67
Broome,AU,-17.9667,122.2333,89.6,70.0,20.0,12.66
San Jeronimo,MX,29.3707,-110.79,55.72,47.0,0.0,4.41
Sechura,PE,-5.5569,-80.8222,73.35,70.0,25.0,12.95
Assiut,EG,27.181,31.1837,51.8,54.0,0.0,6.91
Kalmunai,LK,7.4167,81.8167,85.51,71.0,99.0,10.22
Cerrito,PY,-27.3167,-57.6667,76.17,64.0,4.0,6.93
La Asuncion,VE,11.0333,-63.8628,75.02,85.0,52.0,13.22
Morehead,PG,-8.7107,141.6367,89.71,55.0,100.0,4.21
Sabang,ID,5.8933,95.3214,82.87,70.0,89.0,1.66
Roald,NO,62.5833,6.1333,48.2,57.0,20.0,10.36
Magistral'nyy,RU,56.1725,107.4458,32.59,69.0,57.0,5.39
Ust-Kuyga,RU,70.0167,135.6,-3.05,90.0,91.0,7.58
Sambava,MG,-14.2667,50.1667,83.17,70.0,82.0,3.09
Tefé,BR,-3.3542,-64.7114,72.1,98.0,92.0,2.44
Jasper,CA,52.8833,-118.0857,23.86,93.0,100.0,2.35
Isparta Province,TR,38.0,31.0,32.0,64.0,40.0,24.16
Dzaoudzi,YT,-12.7887,45.2699,87.8,66.0,0.0,2.3
Jalu,LY,29.0331,21.5482,51.53,62.0,3.0,8.1
Nador,MA,35.174,-2.9287,48.36,81.0,0.0,1.23
Paamiut,GL,61.994,-49.6678,-0.81,80.0,100.0,12.37
Madimba,TZ,-10.4,40.3333,77.0,100.0,20.0,13.8
Muli,MV,2.9167,73.5667,83.19,68.0,29.0,7.07
Havre-St-Pierre,CA,50.2334,-63.5986,35.6,100.0,90.0,8.05
Adrar,DZ,25.75,-1.0,57.49,22.0,0.0,11.68
San Cristobal,EC,-0.9045,-89.6174,79.41,73.0,25.0,6.82
Bodden Town,KY,19.2833,-81.25,78.48,1.0,2.0,4.0
Taoudenni,ML,22.6783,-3.9836,63.05,15.0,0.0,12.19
Taman,ID,-8.0196,113.2173,85.26,69.0,100.0,4.0
Qandala,SO,11.472,49.8728,85.39,39.0,2.0,12.21
Aleksandrovskoye,RU,44.7142,43.0008,39.11,65.0,75.0,17.9
Hecelchakán,MX,20.1667,-90.1333,78.8,61.0,40.0,11.5
Senador Pompeu,BR,-5.5881,-39.3717,71.01,96.0,99.0,0.72
Pontes e Lacerda,BR,-15.2261,-59.3353,69.33,94.0,1.0,2.42
Siavonga,ZM,-16.5382,28.7088,72.91,76.0,8.0,5.48
Sitka,US,57.0531,-135.33,39.2,87.0,90.0,9.22
Bazaliia,UA,49.7127,26.4733,35.98,80.0,48.0,4.7
Coos Bay,US,43.3665,-124.2179,40.73,87.0,90.0,4.61
Lower Hutt,NZ,-41.2167,174.9167,64.08,77.0,40.0,16.11
San Antonio,CR,9.9833,-84.1833,71.6,68.0,0.0,11.5
Sandwick,GB,60.0,-1.25,44.6,87.0,90.0,13.8
Mozarlândia,BR,-14.7447,-50.5706,71.73,75.0,100.0,2.62
Dongli,CN,23.5656,116.8194,78.8,44.0,0.0,6.71
São João da Barra,BR,-21.6403,-41.0511,73.9,91.0,81.0,3.27
Tres Arroyos,AR,-38.3739,-60.2798,62.4,89.0,100.0,11.12
Coahuayana Viejo,MX,18.7333,-103.6833,64.76,65.0,57.0,3.51
Vila Velha,BR,-20.3297,-40.2925,71.6,94.0,0.0,3.44
Narodychi,UA,51.2029,29.0823,36.79,77.0,10.0,5.97
Galesong,ID,-5.3166,119.3661,84.2,84.0,40.0,6.91
Uauá,BR,-9.8414,-39.4817,67.57,93.0,53.0,8.5
Gigmoto,PH,13.7796,124.39,82.44,78.0,80.0,10.42
Takāb,IR,36.4009,47.1133,40.21,47.0,4.0,4.68
Port-Gentil,GA,-0.7193,8.7815,77.0,94.0,40.0,3.44
Voss,NO,60.623,6.4229,39.78,95.0,100.0,5.28
Kulim,MY,5.365,100.5618,86.31,74.0,40.0,4.61
Polyarny,RU,69.1989,33.4478,26.6,74.0,0.0,2.24
Maralal,KE,1.0968,36.698,68.74,34.0,61.0,7.85
Portland,AU,-38.3333,141.6,66.38,54.0,95.0,10.74
Patnos,TR,39.2336,42.8634,30.2,93.0,90.0,6.91
Fredericton,CA,45.9454,-66.6656,43.5,100.0,90.0,5.75
Çine,TR,37.6117,28.0614,35.6,93.0,9.0,1.14
Khorramshahr,IR,30.4397,48.1664,73.4,38.0,0.0,13.8
Te Anau,NZ,-45.4167,167.7167,59.85,74.0,99.0,5.84
Hobyo,SO,5.3505,48.5268,83.3,53.0,97.0,19.71
Mount Gambier,AU,-37.8333,140.7667,68.0,49.0,90.0,16.11
Baracoa,CU,20.3467,-74.4958,77.34,77.0,59.0,11.3
Springbok,ZA,-29.6643,17.8865,58.78,78.0,8.0,3.36
Ayan,RU,56.45,138.1667,19.11,71.0,2.0,7.99
Remanso,BR,-9.6179,-42.0831,78.4,55.0,91.0,13.33
Rio Grande,BR,-32.035,-52.0986,68.0,98.0,100.0,9.33
West Islip,US,40.7062,-73.3062,51.62,100.0,90.0,9.22
Monroe,US,43.1501,-77.6831,53.17,82.0,90.0,5.21
Mehrān,IR,33.1222,46.1646,55.4,35.0,0.0,4.61
Slavutych,UA,51.5196,30.7343,36.16,78.0,10.0,4.45
Priozyornoye,UA,45.2698,36.3303,37.0,98.0,100.0,6.53
Trairi,BR,-3.2778,-39.2689,72.99,94.0,92.0,4.34
Iracoubo,GF,5.4802,-53.2011,75.43,88.0,38.0,10.02
Kijang,ID,0.9,104.6333,87.8,66.0,40.0,11.5
Ūttukkuli,IN,11.1667,77.4333,91.4,43.0,40.0,5.75
Husavik,IS,66.0449,-17.3389,26.6,80.0,90.0,17.27
Fremont,US,37.5483,-121.9886,47.32,71.0,1.0,5.75
Channel-Port aux Basques,CA,47.5702,-59.1367,37.8,94.0,100.0,4.88
Kaputa,ZM,-8.4689,29.6619,68.88,85.0,100.0,4.27
Ambilobe,MG,-13.2,49.05,79.29,85.0,100.0,1.86
Chambas,CU,22.1928,-78.9136,77.0,83.0,20.0,8.05
Zdvinsk,RU,54.7021,78.661,24.87,88.0,59.0,10.69
Bangangté,CM,5.1409,10.5198,62.78,89.0,79.0,2.08
Sur,OM,22.5667,59.5289,83.64,40.0,9.0,4.05
Kunduz,AF,36.729,68.857,75.38,37.0,100.0,8.95
Volovo,RU,53.5583,38.0029,32.49,98.0,100.0,4.16
Tamandaré,BR,-8.7597,-35.1047,76.66,86.0,85.0,7.16
Baiyin,CN,36.5583,104.2081,53.6,24.0,0.0,4.47
Saint-François,GP,16.2526,-61.2741,71.6,88.0,20.0,1.14
Lavrentiya,RU,65.5833,-171.0,-4.54,99.0,83.0,4.47
Mahabalipuram,IN,12.6264,80.1722,91.4,55.0,20.0,4.61
Kabompo,ZM,-13.5927,24.2008,67.19,88.0,70.0,3.6
Dwārka,IN,22.2394,68.9678,88.05,30.0,0.0,9.86
Mabaruma,GY,8.2,-59.7833,70.47,99.0,42.0,2.15
Nanchong,CN,30.7951,106.0847,59.02,82.0,100.0,5.59
Hergla,TN,36.0303,10.509,47.26,100.0,2.0,2.3
Richards Bay,ZA,-28.783,32.0377,67.77,93.0,100.0,8.59
Polis,CY,35.0367,32.4264,50.07,47.0,20.0,21.85
Juneau,US,58.3019,-134.4197,31.28,80.0,90.0,11.5
Freeport,US,40.6576,-73.5832,51.24,100.0,90.0,9.22
Manakara,MG,-22.1333,48.0167,77.58,81.0,86.0,1.39
Linxia Chengguanzhen,CN,35.6003,103.2064,52.48,33.0,94.0,2.71
Slyudyanka,RU,51.6594,103.7061,36.61,87.0,77.0,4.45
Kresttsy,RU,58.2452,32.5165,35.46,94.0,100.0,3.69
Le Vauclin,MQ,14.5452,-60.8388,73.09,78.0,75.0,5.75
Eten,PE,-6.9081,-79.8642,69.01,86.0,69.0,3.0
Millinocket,US,45.6573,-68.7098,46.4,93.0,90.0,4.61
Mogoytuy,RU,51.2833,114.9167,37.15,72.0,100.0,11.14
South Venice,US,27.0531,-82.4243,71.26,100.0,1.0,4.61
Iranduba,BR,-3.2847,-60.1861,77.0,88.0,0.0,4.61
Muyezerskiy,RU,63.9333,31.65,30.42,93.0,36.0,2.8
Warri,NG,5.5167,5.75,74.44,91.0,100.0,3.2
Talaya,RU,61.3833,152.75,-2.09,81.0,79.0,1.34
Seoul,KR,37.5683,126.9778,69.17,24.0,100.0,3.44
Ugoofaaru,MV,5.6667,73.0,84.07,71.0,27.0,11.18
Kamaishi,JP,39.2667,141.8833,51.8,58.0,40.0,14.97
Waverley,NZ,-39.7667,174.6333,64.51,70.0,18.0,2.46
Santo Tomas,PE,-14.4456,-72.0842,44.69,92.0,100.0,3.49
Celestún,MX,20.8667,-90.4,79.05,66.0,3.0,13.89
Denpasar,ID,-8.65,115.2167,86.0,74.0,40.0,6.91
Bayburt,TR,40.2589,40.2278,21.43,84.0,42.0,1.99
Kandiari,PK,26.9156,68.5216,95.61,11.0,0.0,5.1
Port Augusta,AU,-32.5,137.7667,78.8,47.0,75.0,17.27
Havelock,US,34.8791,-76.9013,69.33,83.0,20.0,13.8
Staryy Nadym,RU,65.6118,72.6842,31.03,91.0,95.0,19.84
Puerto Nariño,CO,-3.7703,-70.3831,75.2,100.0,40.0,1.01
Srivilliputtur,IN,9.5081,77.6336,91.4,52.0,40.0,4.61
Souris,CA,49.6172,-100.2612,41.0,65.0,75.0,10.36
Manaure,CO,11.7751,-72.4445,77.16,77.0,43.0,19.04
Kerchevskiy,RU,59.946,56.2884,33.87,92.0,100.0,4.99
Swan River,CA,52.1058,-101.2676,30.2,100.0,100.0,6.91
Aswān,EG,24.0934,32.907,68.52,21.0,0.0,18.86
Lensk,RU,60.7253,114.9278,32.72,75.0,90.0,10.13
Abū Zabad,SD,12.35,29.25,84.34,12.0,6.0,23.35
Anchorage,US,61.2181,-149.9003,27.73,86.0,90.0,3.44
Shizunai-furukawachō,JP,42.3339,142.3669,45.14,73.0,87.0,15.68
Shouguang,CN,36.88,118.7375,70.0,38.0,100.0,1.01
Bubaque,GW,11.2833,-15.8333,75.54,71.0,62.0,8.19
Kilindoni,TZ,-7.9139,39.6668,82.13,75.0,90.0,2.44
Lázaro Cárdenas,MX,17.9583,-102.2,70.05,81.0,7.0,2.75
Minggang,CN,32.4586,114.0486,57.94,93.0,100.0,5.5
Puerto Limón,CR,10.0,-83.0333,75.18,79.0,100.0,3.85
Port Hardy,CA,50.6996,-127.4199,42.39,81.0,40.0,10.36
Tazovsky,RU,67.4667,78.7,26.24,95.0,100.0,13.44
Şabḩā,JO,32.3297,36.501,48.2,76.0,40.0,11.5
Yuancheng,CN,36.652,107.7896,60.1,21.0,100.0,11.5
Komsomol'skiy,RU,43.9783,46.6985,47.26,53.0,15.0,15.32
Dandong,CN,40.1292,124.3947,56.91,41.0,100.0,13.49
Touros,BR,-5.1989,-35.4608,73.4,100.0,75.0,4.61
Valdez,EC,1.2492,-78.9831,76.48,86.0,100.0,5.21
Palmer,US,42.1584,-72.3287,56.61,94.0,90.0,6.91
Luena,AO,-11.7833,19.9167,67.37,87.0,97.0,6.53
Eyl,SO,7.9803,49.8164,84.22,52.0,68.0,18.57
Moshenskoye,RU,58.5102,34.5911,34.48,92.0,100.0,3.91
San Francisco,AR,-31.428,-62.0827,68.7,96.0,100.0,5.06
Lapua,FI,62.9693,23.0088,30.06,100.0,90.0,3.44
Matagami,CA,49.7502,-77.6328,17.6,100.0,90.0,9.22
Tyret’ Pervaya,RU,53.6703,102.3106,33.35,96.0,100.0,8.79
Yurty,RU,56.0498,97.6348,33.17,83.0,100.0,5.37
Ulaangom,MN,49.9811,92.0667,32.38,74.0,100.0,17.54
Brae,GB,60.3964,-1.353,44.6,87.0,90.0,13.8
Krutinka,RU,56.0055,71.5113,30.99,97.0,100.0,13.24
Kantilo,IN,20.35,85.1833,96.8,30.0,20.0,2.3
Port-Cartier,CA,50.0334,-66.8654,32.0,100.0,90.0,3.44
Santa Cruz,CR,10.2605,-85.5851,75.2,64.0,0.0,6.91
San Ramón,BO,-13.2833,-64.7167,71.94,95.0,92.0,4.41
Mosjøen,NO,65.836,13.1908,35.31,93.0,20.0,6.15
Harper,LR,4.375,-7.7169,77.23,87.0,20.0,1.52
Xining,CN,36.6167,101.7667,50.22,33.0,93.0,4.38
Talara,PE,-4.5772,-81.2719,73.62,73.0,90.0,12.37
Skælskør,DK,55.2506,11.2935,44.01,92.0,14.0,4.0
Chippewa Falls,US,44.9369,-91.3929,30.24,80.0,1.0,8.05
Jacareacanga,BR,-6.2222,-57.7528,70.54,99.0,100.0,1.16
Port Hedland,AU,-20.3167,118.5667,95.0,46.0,3.0,14.97
Baker City,US,44.7749,-117.8344,34.68,69.0,1.0,12.66
Waipawa,NZ,-41.4122,175.5153,64.24,77.0,40.0,16.11
La Libertad,SV,13.4883,-89.3222,70.75,83.0,0.0,3.44
Sauda,NO,59.6506,6.3542,39.6,97.0,100.0,5.3
Umluj,SA,25.0213,37.2685,73.36,44.0,0.0,17.74
Vyartsilya,RU,62.1764,30.693,35.53,87.0,100.0,4.7
Hwange,ZW,-18.3693,26.5019,75.07,72.0,4.0,5.32
Kloulklubed,PW,7.0419,134.2556,82.4,83.0,90.0,8.05
Harrismith,ZA,-28.2728,29.1295,54.99,88.0,85.0,3.67
Santa Lucía,ES,27.9117,-15.5407,65.03,68.0,0.0,12.66
Hohhot,CN,40.8106,111.6522,53.6,62.0,20.0,6.71
Tubualá,PA,9.5167,-79.0333,70.93,88.0,0.0,14.72
Qiongshan,CN,20.0058,110.3542,80.6,65.0,75.0,8.95
Xichang,CN,27.8964,102.2634,83.12,5.0,1.0,1.01
Ghanzi,BW,-21.5667,21.7833,71.98,43.0,15.0,8.32
Nyurba,RU,63.2842,118.3319,30.22,93.0,100.0,7.36
Nekhayevskiy,RU,50.4106,41.7561,36.0,66.0,97.0,13.51
Mananjary,MG,-21.2167,48.3333,80.35,77.0,57.0,3.4
Kanata,CA,45.3159,-75.8985,47.75,76.0,90.0,8.05
Mzimba,MW,-11.9,33.6,68.16,87.0,95.0,2.28
Hay River,CA,60.8156,-115.7999,-7.58,77.0,93.0,1.14
Sanming,CN,26.2486,117.6186,81.86,34.0,0.0,0.69
Dhrāngadhra,IN,22.9833,71.4667,95.95,9.0,0.0,6.13
Huarmey,PE,-10.0681,-78.1522,70.36,82.0,100.0,8.21
Huilong,CN,31.8111,121.655,67.41,74.0,23.0,5.99
Waingapu,ID,-9.6567,120.2641,83.89,76.0,100.0,4.47
Nushki,PK,29.5542,66.0215,85.21,10.0,0.0,10.54
Khanbari,NP,27.3747,87.2039,87.08,8.0,0.0,7.02
Neiafu,TO,-18.65,-173.9833,80.6,83.0,40.0,4.61
Ternate,ID,0.8,127.4,83.86,70.0,100.0,5.5
Lao Cai,VN,22.4833,103.95,91.69,39.0,5.0,4.5
Dalton,US,34.7698,-84.9702,65.88,94.0,75.0,7.81
Yerbogachën,RU,61.2767,108.0108,27.75,78.0,100.0,11.92
La Ronge,CA,55.1001,-105.2842,13.1,79.0,100.0,5.75
Paracuru,BR,-3.41,-39.0306,73.4,100.0,75.0,3.44
Sørland,NO,67.667,12.6934,41.0,87.0,75.0,25.32
Mēga,ET,4.05,38.3,73.35,23.0,56.0,16.28
Songjianghe,CN,42.1859,127.479,51.51,47.0,100.0,6.33
Molteno,ZA,-31.3968,26.3625,58.12,68.0,0.0,4.63
Los Llanos de Aridane,ES,28.6585,-17.9182,59.32,48.0,0.0,5.75
Almaznyy,RU,48.0448,40.045,35.6,87.0,40.0,6.71
Kristinestad,FI,62.2743,21.376,35.02,93.0,20.0,6.76
Enshi,CN,30.3,109.4833,59.79,90.0,100.0,0.94
Naberera,TZ,-4.2,36.9333,72.39,63.0,89.0,7.29
Ust-Nera,RU,64.5667,143.2,-0.76,91.0,96.0,5.46
Manono,CD,-7.3,27.4167,70.5,91.0,100.0,6.64
Mingyue,CN,43.1069,128.9217,48.72,51.0,100.0,5.55
Bonthe,SL,7.5264,-12.505,76.26,89.0,9.0,4.59
Goulburn,AU,-34.75,149.7167,66.94,53.0,13.0,10.29
Konispol,AL,39.6589,20.1814,38.57,81.0,0.0,3.38
Brejo Santo,BR,-7.4933,-38.9872,75.2,88.0,75.0,3.22
Mookane,BW,-23.688,26.6595,73.11,52.0,0.0,1.92
Ialibu,PG,-6.2821,143.9935,62.19,96.0,100.0,2.06
Pierre,US,44.3683,-100.351,42.82,65.0,1.0,20.71
Manta,EC,-0.95,-80.7333,72.43,89.0,100.0,4.29
Saint-Raymond,CA,45.467,-73.6095,50.16,76.0,90.0,8.05
Port Keats,AU,-14.25,129.55,85.75,72.0,100.0,6.76
Yatou,CN,37.15,122.3833,56.97,47.0,99.0,14.54
Navahrudak,BY,53.6,25.8333,38.75,79.0,99.0,5.12
Thinadhoo,MV,0.5333,72.9333,83.53,70.0,60.0,7.43
Kerman,IR,30.2832,57.0788,77.0,16.0,0.0,16.11
Smithers,CA,54.7804,-127.1743,35.6,75.0,90.0,11.5
Karasjok,NO,69.4719,25.5112,23.0,80.0,0.0,14.97
Guigue,VE,10.0853,-67.7792,71.24,87.0,100.0,4.7
San Javier,BO,-16.2739,-62.5044,67.57,98.0,85.0,4.29
Rabo de Peixe,PT,37.8,-25.5833,53.6,71.0,20.0,9.22
Galveston,US,29.3669,-94.9669,66.47,82.0,1.0,4.61
Hlotse,LS,-28.8718,28.045,57.97,78.0,9.0,3.15
Gongzhuling,CN,43.5008,124.8198,61.0,26.0,100.0,15.95
Kamina,CD,-8.7386,24.9906,65.48,94.0,100.0,3.38
Praia,CV,14.9215,-23.5087,68.0,77.0,20.0,19.57
Manzhouli,CN,49.6,117.4333,45.73,36.0,99.0,23.26
Mathathane,BW,-22.2687,28.7495,76.6,50.0,0.0,8.81
Alta Floresta,BR,-9.8756,-56.0861,69.84,97.0,100.0,2.17
Kamra,PK,33.7473,73.5111,77.0,41.0,5.0,5.01
Quang Ngai,VN,15.1167,108.8,84.6,64.0,27.0,9.93
São Gabriel da Cachoeira,BR,-0.1303,-67.0892,71.73,99.0,100.0,2.89
Muzhi,RU,65.3667,64.6667,34.0,90.0,100.0,12.33
Fairbanks,US,64.8378,-147.7164,25.25,86.0,75.0,8.05
Santa Isabel Rio Negro,BR,-0.4139,-65.0192,72.39,99.0,100.0,1.59
Boffa,GN,10.1667,-14.0333,71.65,89.0,2.0,1.92
Rochester,US,43.1548,-77.6156,53.69,82.0,90.0,3.33
Ostrovnoy,RU,68.0531,39.5131,31.86,82.0,87.0,11.14
Iztapa,GT,13.9333,-90.7075,73.4,94.0,1.0,4.29
Struthers,US,41.0526,-80.6078,63.01,72.0,40.0,5.75
Kurdzhinovo,RU,43.9884,40.9552,41.63,41.0,96.0,4.88
Chato,TZ,-2.6378,31.7669,69.17,85.0,100.0,4.68
Mazagão,BR,-0.115,-51.2894,78.8,94.0,75.0,3.44
Sulangan,PH,11.1373,123.7228,83.53,70.0,99.0,8.66
Metro,ID,-5.1131,105.3067,88.0,60.0,100.0,3.11
Rapid Valley,US,44.0625,-103.1463,42.55,45.0,90.0,6.91
Beloha,MG,-25.1667,45.05,83.26,54.0,2.0,6.06
Tiruchchendur,IN,8.4833,78.1167,93.2,52.0,40.0,6.91
Kiliya,UA,45.4552,29.2637,39.09,65.0,0.0,14.97
Podgornoye,RU,51.735,39.1496,35.6,60.0,0.0,6.71
Manaus,BR,-3.1019,-60.025,77.0,88.0,0.0,4.61
Takoradze,GH,4.8845,-1.7554,78.42,76.0,23.0,4.12
Yeppoon,AU,-23.1333,150.7333,87.8,33.0,0.0,6.91
Bud,NO,62.9088,6.9145,37.4,75.0,75.0,13.8
Baghdad,IQ,33.3406,44.4009,69.8,35.0,0.0,5.75
Kampot,KH,10.6167,104.1833,86.0,66.0,40.0,14.97
Anaconda,US,46.1285,-112.9423,26.6,80.0,40.0,4.61
Kashgar,CN,39.4547,75.9797,62.6,16.0,40.0,6.71
Massaguet,TD,12.4755,15.4365,78.8,15.0,58.0,8.05
Usevya,TZ,-7.1,31.2333,73.44,85.0,100.0,1.86
Sibu,MY,2.3,111.8167,91.4,58.0,40.0,3.44
Hoquiam,US,46.9809,-123.8893,42.57,87.0,1.0,3.44
Gushikawa,JP,26.3544,127.8686,74.59,60.0,90.0,14.97
Norfolk,US,42.1668,-71.2495,53.46,88.0,75.0,5.75
Colquechaca,BO,-18.6667,-66.0167,31.17,90.0,68.0,2.33
Hualmay,PE,-11.0964,-77.6139,69.49,83.0,95.0,8.57
Matadi,CD,-5.8167,13.45,77.2,90.0,99.0,0.92
Umeå,SE,63.8284,20.2597,24.82,100.0,81.0,2.3
Agüimes,ES,27.9054,-15.4461,65.23,68.0,43.0,12.66
São Paulo de Olivença,BR,-3.3783,-68.8725,71.31,99.0,60.0,2.15
Anloga,GH,5.7947,0.8973,77.0,94.0,20.0,1.14
Yima,CN,34.7381,111.8839,60.01,1.0,100.0,8.1
Yumen,CN,40.2833,97.2,63.03,10.0,95.0,26.8
Solnechnyy,RU,50.7214,136.6319,33.82,64.0,84.0,3.67
Korem,ET,12.5058,39.5228,65.16,14.0,100.0,8.66
Cuiluan,CN,47.72,128.648,44.01,60.0,100.0,5.1
Vinh,VN,18.6667,105.6667,81.59,72.0,100.0,9.64
Grand Gaube,MU,-20.0064,57.6608,84.0,71.0,59.0,1.01
Totness,SR,5.8833,-56.3167,75.16,90.0,47.0,10.45
Pleszew,PL,51.8964,17.7855,44.01,95.0,92.0,4.61
Collie,AU,-33.3667,116.15,77.72,29.0,5.0,8.99
Ilūkste,LV,55.9775,26.2966,41.02,82.0,34.0,5.57
Auki,SB,-8.7676,160.7034,82.58,74.0,100.0,5.64
Fortuna Foothills,US,32.6578,-114.4119,56.82,51.0,1.0,4.61
Barranca,PE,-10.75,-77.7667,68.81,83.0,100.0,6.4
Promyshlennaya,RU,54.9159,85.6385,28.4,80.0,90.0,11.18
Lakhīmpur,IN,27.95,80.7667,94.42,9.0,0.0,10.47
Inhambane,MZ,-23.865,35.3833,77.0,83.0,40.0,4.36
Biak,ID,-0.9131,122.8766,83.07,72.0,100.0,0.72
Emba,KZ,48.8264,58.1442,32.61,99.0,100.0,5.91
Yakeshi,CN,49.2833,120.7333,39.65,70.0,100.0,18.41
Okhotsk,RU,59.3833,143.3,14.61,72.0,42.0,4.97
Lerwick,GB,60.1545,-1.1494,44.6,87.0,90.0,13.8
Soure,BR,-0.7167,-48.5233,73.33,91.0,100.0,3.94
Penzance,GB,50.1186,-5.5371,47.21,93.0,90.0,23.02
Quimperlé,FR,47.8667,-3.55,50.67,81.0,75.0,14.97
Wuwei,CN,37.9281,102.6414,58.53,16.0,26.0,5.66
Vryburg,ZA,-26.9566,24.7284,69.13,40.0,0.0,4.18
Mayumba,GA,-3.432,10.6554,77.81,86.0,80.0,4.61
Port Blair,IN,11.6667,92.75,87.21,61.0,100.0,10.27
Mossamedes,AO,-15.1961,12.1522,73.02,82.0,100.0,5.03
Ozinki,RU,51.1786,49.6769,27.99,89.0,100.0,14.5
Isla Mujeres,MX,21.2311,-86.731,79.18,78.0,20.0,13.8
Tigwav,HT,18.4314,-72.8669,77.0,78.0,0.0,9.22
Mimongo,GA,-1.6195,11.6068,69.12,92.0,95.0,1.12
Abu Dhabi,AE,24.4667,54.3667,89.6,20.0,0.0,10.36
Kemijärvi,FI,66.7131,27.4306,26.89,95.0,95.0,4.7
Pacific Grove,US,36.6177,-121.9166,48.78,85.0,26.0,1.99
Murindó,CO,6.9848,-76.7544,74.55,97.0,100.0,2.35
Verkhneural'sk,RU,53.8769,59.2106,23.0,93.0,2.0,3.53
Vilyuysk,RU,63.7553,121.6247,23.41,94.0,100.0,11.54
Whitehorse,CA,60.7161,-135.0538,24.8,74.0,90.0,4.61
Darhan,MN,49.4867,105.9228,48.81,31.0,100.0,13.58
Dwārāhāt,IN,29.7833,79.4333,81.18,10.0,0.0,5.01
Skagen,DK,57.7209,10.5839,42.64,92.0,94.0,13.0
Zherdevka,RU,51.8486,41.4606,31.08,97.0,100.0,8.77
Saint-Denis,RE,-20.8667,55.4667,80.64,74.0,20.0,6.91
Batagay-Alyta,RU,67.8006,130.4114,3.11,84.0,100.0,3.44
Lincoln,NZ,-43.65,172.4833,61.9,77.0,6.0,8.05
Flinders,AU,-34.5833,150.8552,68.49,91.0,100.0,3.0
Luwuk,ID,-0.9516,122.7875,84.88,76.0,100.0,1.23
Valkeala,FI,60.9401,26.7979,32.0,100.0,90.0,4.61
Misratah,LY,32.3754,15.0925,57.52,59.0,0.0,6.02
Port Pirie,AU,-33.1833,138.0167,78.8,47.0,75.0,17.27
Nelson Bay,AU,-32.7167,152.15,72.95,60.0,72.0,9.22
Jacqueville,CI,5.2052,-4.4146,77.0,100.0,0.0,3.44
Nabire,ID,-3.3667,135.4833,77.94,89.0,100.0,0.83
High Prairie,CA,55.4334,-116.4858,10.08,95.0,100.0,3.87
Lima,PE,-12.0432,-77.0282,67.68,83.0,0.0,9.22
Fayaoué,NC,-20.65,166.5333,80.35,64.0,50.0,10.02
Phalaborwa,ZA,-23.943,31.1411,73.4,78.0,5.0,5.75
Lincoln,AR,-34.8665,-61.5302,66.99,55.0,100.0,6.85
Truth or Consequences,US,33.1284,-107.2528,48.97,43.0,1.0,10.36
Marystown,CA,47.1666,-55.1483,39.99,98.0,100.0,11.45
Ligaya,PH,12.6599,120.8923,87.58,60.0,75.0,7.49
Siuna,NI,13.7332,-84.7773,69.15,96.0,74.0,2.13
Mersing,MY,2.4312,103.8405,87.8,74.0,40.0,6.91
Conceição do Araguaia,BR,-8.2578,-49.2647,75.2,94.0,75.0,1.14
Abhā,SA,18.2164,42.5053,74.25,23.0,0.0,9.22
Taitung City,TW,22.7583,121.1444,77.0,65.0,75.0,10.36
Marmaris,TR,36.855,28.2742,46.98,53.0,0.0,11.5
Poum,NC,-20.2333,164.0167,81.18,73.0,13.0,17.56
Atherton,AU,-17.2667,145.4833,86.27,66.0,63.0,12.66
Sittwe,MM,20.15,92.9,88.16,48.0,100.0,15.77
Caucayá,CO,-0.1934,-74.7819,71.31,97.0,93.0,1.07
Vista Hermosa,MX,19.5167,-99.2167,68.0,19.0,1.0,4.61
Port Hawkesbury,CA,45.6169,-61.3485,44.19,87.0,90.0,11.5
Mitchell,US,43.7094,-98.0298,39.2,81.0,90.0,12.66
Bo Rai,TH,12.5728,102.5371,89.02,62.0,20.0,10.56
Farmington,US,36.7281,-108.2187,35.92,70.0,90.0,6.91
Amahai,ID,-3.3333,128.9167,85.66,68.0,86.0,6.55
Maţāy,EG,28.419,30.7792,61.99,46.0,5.0,10.33
Matiri,TZ,-10.75,34.9,62.71,97.0,100.0,1.74
Mayor Pablo Lagerenza,PY,-19.9309,-60.7718,76.19,73.0,2.0,7.43
Hof,NO,59.5301,10.0903,35.24,1.0,79.0,5.88
Bowen,AU,-20.0167,148.2333,84.2,65.0,40.0,13.8
Mountain Home,US,43.133,-115.6912,37.4,100.0,1.0,21.85
La Paz,MX,24.1667,-110.3,56.59,67.0,1.0,6.91
Santa Cruz,MA,30.4202,-9.5982,60.8,33.0,0.0,6.91
Tigil',RU,57.8,158.6667,18.36,79.0,87.0,7.36
Berlevåg,NO,70.8578,29.0864,28.4,64.0,0.0,38.03
Paralia,GR,38.2,21.7,48.24,57.0,0.0,2.33
Jumla,NP,29.2747,82.1838,67.77,9.0,0.0,6.62
Lucea,JM,18.451,-78.1736,75.4,73.0,20.0,6.91
Bathsheba,BB,13.2167,-59.5167,77.0,61.0,20.0,20.71
Marsabit,KE,2.3284,37.9899,74.35,49.0,10.0,16.02
Yuzhno-Kurilsk,RU,44.0306,145.8556,31.23,94.0,84.0,23.0
Abay,KZ,49.6311,72.8539,21.2,86.0,0.0,13.42
Labytnangi,RU,66.6572,66.4183,29.68,84.0,100.0,10.04
Dogondoutchi,NE,13.6393,4.0287,80.13,9.0,9.0,15.46
General Roca,AR,-39.0333,-67.5833,53.6,87.0,0.0,4.61
Merauke,ID,-8.4667,140.3333,82.2,79.0,100.0,6.04
Corinto,BR,-18.3808,-44.4564,64.33,81.0,7.0,1.83
Strunga,RO,47.1667,26.9833,35.51,69.0,0.0,8.05
General Pico,AR,-35.6566,-63.7568,58.24,94.0,100.0,16.98
Klyuchi,RU,52.2667,79.1667,30.4,82.0,23.0,6.02
Porangatu,BR,-13.4408,-49.1486,67.64,74.0,100.0,2.91
Killorglin,IE,52.1,-9.7833,38.79,74.0,100.0,18.23
Komsomol'skiy,RU,43.9783,46.6985,47.26,53.0,15.0,15.32
Mobai,SL,7.9944,-10.7511,71.46,98.0,29.0,0.96
Dohār,BD,23.5883,90.1469,89.6,58.0,40.0,4.61
Madarounfa,NE,13.3087,7.156,75.2,11.0,70.0,13.8
Bastrop,US,32.7562,-91.8724,52.41,100.0,1.0,5.48
Nicoya,CR,10.1483,-85.452,75.2,64.0,0.0,6.91
Filadelfia,PY,-22.35,-60.0333,76.19,63.0,0.0,7.9
Benguela,AO,-12.5763,13.4055,75.79,89.0,100.0,1.57
Arlit,NE,18.7369,7.3853,69.44,13.0,0.0,14.07
Itaituba,BR,-4.2761,-55.9836,71.15,99.0,100.0,1.32
Camargo,MX,27.6667,-105.1667,54.63,15.0,0.0,7.9
