City,Country,Latitude,Longitude,Temperature (F),Humidity (%),Cloudiness (%),Wind Speed (mph)
Fortuna,US,40.5982,-124.1573,50.29,62.0,1.0,12.66
Port Hawkesbury,CA,45.6169,-61.3485,34.61,86.0,90.0,26.46
Svobodnyy,RU,51.4,128.1333,35.78,68.0,24.0,15.79
Hobart,AU,-42.8794,147.3294,64.69,48.0,0.0,10.36
Puerto Ayora,EC,-0.7393,-90.3518,79.0,92.0,75.0,3.0
Thompson,CA,55.7435,-97.8558,8.6,78.0,90.0,23.02
Hermanus,ZA,-34.4187,19.2345,63.0,69.0,34.0,5.08
Pimentel,PE,-6.8367,-79.9342,70.03,78.0,90.0,16.11
Georgetown,SH,-7.9333,-14.4167,78.8,73.0,75.0,11.5
Nandigāma,IN,16.7833,80.3,78.8,94.0,90.0,2.3
Altamont,US,42.2068,-121.7372,46.47,23.0,1.0,13.8
Yellowknife,CA,62.456,-114.3525,5.31,43.0,1.0,8.05
Ketchikan,US,55.3422,-131.6461,37.4,93.0,90.0,4.61
Butaritari,KI,3.0707,172.7902,81.46,79.0,52.0,15.28
Bredasdorp,ZA,-34.5322,20.0403,55.4,100.0,100.0,5.75
La Ronge,CA,55.1001,-105.2842,17.6,86.0,100.0,11.5
Barrow,US,71.2906,-156.7887,-0.4,65.0,1.0,26.46
Tuktoyaktuk,CA,69.4541,-133.0374,-5.8,71.0,20.0,18.41
Busselton,AU,-33.65,115.3333,72.23,87.0,7.0,1.99
Chancay,PE,-11.5714,-77.2672,71.47,78.0,0.0,11.5
Inuvik,CA,68.3499,-133.7218,8.6,52.0,100.0,8.05
Muroto-misakicho,JP,33.2833,134.15,66.2,72.0,75.0,3.44
Srednekolymsk,RU,67.45,153.6833,13.44,74.0,23.0,3.74
São José da Coroa Grande,BR,-8.8978,-35.1478,78.21,86.0,75.0,7.56
Rikitea,PF,-23.1203,-134.9692,78.89,70.0,2.0,14.88
Punta Arenas,CL,-53.15,-70.9167,45.28,100.0,75.0,4.61
Koungheul,SN,13.9833,-14.8,78.69,26.0,6.0,6.76
Bataiporã,BR,-22.2953,-53.2711,70.43,94.0,10.0,4.18
Katsuura,JP,35.1333,140.3,66.45,68.0,75.0,8.05
Tasiilaq,GL,65.6145,-37.6368,14.0,57.0,0.0,4.61
Rock Springs,US,41.5875,-109.2029,29.32,24.0,1.0,25.32
Yārāda,IN,17.65,83.2667,78.8,83.0,7.0,3.44
Kavieng,PG,-2.5744,150.7967,85.93,66.0,100.0,12.08
Broome,AU,-17.9667,122.2333,89.6,48.0,0.0,5.75
Ushuaia,AR,-54.8,-68.3,50.0,76.0,20.0,7.38
Avarua,CK,-21.2078,-159.775,84.2,70.0,20.0,14.97
Cherskiy,RU,68.75,161.3,4.06,88.0,100.0,8.5
Durban,ZA,-29.8579,31.0292,69.3,78.0,90.0,5.75
Torbay,CA,47.6666,-52.7314,39.79,100.0,90.0,21.85
Shingū,JP,33.7333,135.9833,66.2,59.0,75.0,3.44
Hithadhoo,MV,-0.6,73.0833,83.61,73.0,100.0,22.73
Cidreira,BR,-30.1811,-50.2056,69.28,67.0,60.0,10.09
New Norfolk,AU,-42.7826,147.0587,61.61,59.0,93.0,1.99
Paramonga,PE,-10.6667,-77.8333,70.27,85.0,100.0,7.43
Nizhnevartovsk,RU,60.9344,76.5531,-4.0,84.0,0.0,4.47
Ust'-Kalmanka,RU,52.1207,83.305,26.17,79.0,100.0,22.86
Saskylakh,RU,71.9167,114.0833,-20.72,98.0,99.0,6.4
Shelburne,CA,44.0787,-80.2041,36.43,73.0,11.0,7.94
Dikson,RU,73.5069,80.5464,-28.25,100.0,92.0,7.65
Port Alfred,ZA,-33.5906,26.891,68.02,90.0,40.0,19.89
Chui,UY,-33.6971,-53.4616,67.06,84.0,78.0,11.72
Margate,ZA,-30.8636,30.3705,69.73,88.0,100.0,8.95
Kontagora,NG,10.3999,5.4695,79.66,17.0,2.0,6.49
Shahrud,IR,36.4182,54.9763,39.61,47.0,0.0,5.08
Ust-Nera,RU,64.5667,143.2,6.6,89.0,100.0,5.91
Ørsta,NO,62.2029,6.1272,42.01,67.0,100.0,23.0
Mar del Plata,AR,-38.0023,-57.5575,61.07,82.0,20.0,4.61
Naze,JP,28.3667,129.4833,71.6,94.0,75.0,16.11
Port Hedland,AU,-20.3167,118.5667,96.8,24.0,1.0,17.27
Darnah,LY,32.767,22.6367,57.42,79.0,0.0,17.78
Ribeira Grande,PT,38.5167,-28.7,57.2,82.0,75.0,18.41
Lalian,PK,31.8241,72.7997,66.61,44.0,0.0,5.75
Hofn,IS,64.2539,-15.2082,26.82,67.0,84.0,18.68
Opuwo,NA,-18.0607,13.84,66.52,79.0,4.0,5.97
Omboué,GA,-1.5746,9.2618,76.77,86.0,100.0,3.44
Basco,PH,20.4487,121.9702,81.09,78.0,73.0,11.32
Albany,AU,-35.0169,117.8917,75.2,64.0,1.0,5.75
Amara,RO,44.6167,27.3167,45.0,41.0,16.0,5.99
Orlik,RU,52.5178,99.825,17.92,89.0,100.0,2.13
Castro,CL,-42.4721,-73.7732,56.55,82.0,0.0,8.05
Pacifica,US,37.6138,-122.4869,53.98,55.0,1.0,14.97
Terenos,BR,-20.4422,-54.8603,75.2,73.0,0.0,5.75
Mungwi,ZM,-10.1732,31.3694,61.14,96.0,100.0,5.14
Araouane,ML,18.9048,-3.5265,75.34,9.0,6.0,9.24
Oranjemund,NA,-28.55,16.4333,58.8,88.0,0.0,3.47
Itaqui,BR,-29.1253,-56.5531,67.39,73.0,85.0,6.33
Cape Town,ZA,-33.9258,18.4232,62.83,94.0,75.0,9.22
Alice Springs,AU,-23.7,133.8833,75.2,33.0,0.0,14.97
Shchigry,RU,51.8755,36.9043,27.0,87.0,63.0,1.01
Evensk,RU,61.95,159.2333,9.52,68.0,73.0,2.57
Kristianstad,SE,56.0313,14.1524,49.39,87.0,90.0,9.22
Zhigansk,RU,66.7697,123.3711,22.57,93.0,100.0,9.91
Caucayá,CO,-0.1934,-74.7819,72.45,97.0,100.0,1.16
Yumen,CN,40.2833,97.2,44.08,36.0,100.0,17.67
Sinjār,IQ,36.3209,41.8754,49.48,38.0,23.0,2.95
Jamestown,SH,-15.9387,-5.7168,70.88,83.0,89.0,18.95
Binabalian Ricor,PH,16.4202,119.9279,81.39,77.0,52.0,8.14
Guangyuan,CN,32.442,105.823,61.63,79.0,65.0,4.18
Khatanga,RU,71.9667,102.5,-23.67,96.0,20.0,12.59
Saint Paul Harbor,US,57.79,-152.4072,46.4,61.0,90.0,12.66
Pangnirtung,CA,66.1451,-65.7125,12.47,95.0,100.0,2.53
Parintins,BR,-2.6283,-56.7358,73.83,94.0,71.0,3.27
Hualmay,PE,-11.0964,-77.6139,70.0,84.0,99.0,9.22
Necochea,AR,-38.5473,-58.7368,57.99,96.0,5.0,1.01
Ahipara,NZ,-35.1667,173.1667,70.48,89.0,88.0,11.27
Chechat,IN,24.7667,75.8833,82.4,34.0,7.0,14.52
Tai’an,CN,36.1853,117.12,62.01,43.0,0.0,3.15
Sandwick,GB,60.0,-1.25,42.8,100.0,90.0,3.94
Deputatsky,RU,69.3,139.9,6.96,87.0,39.0,1.57
Kismayo,SO,-0.3582,42.5454,79.81,73.0,97.0,12.08
Ugoofaaru,MV,5.6667,73.0,83.16,70.0,100.0,16.13
Lüderitz,NA,-26.6481,15.1594,61.75,78.0,0.0,5.99
Dunedin,NZ,-45.8742,170.5036,57.0,82.0,100.0,18.99
São João da Barra,BR,-21.6403,-41.0511,77.45,89.0,100.0,8.23
East London,ZA,-33.0153,27.9116,68.27,89.0,100.0,13.98
Azul,AR,-36.777,-59.8585,56.41,61.0,6.0,1.61
Havelock,US,34.8791,-76.9013,53.78,66.0,1.0,5.75
Vaini,TO,-21.2,-175.2,80.6,83.0,75.0,5.75
Casper,US,42.8666,-106.3131,33.17,34.0,1.0,17.27
Coquimbo,CL,-29.9533,-71.3436,57.2,82.0,0.0,4.61
Russell,NZ,-35.2613,174.1236,71.01,92.0,75.0,8.99
Maua,KE,0.2321,37.9405,60.33,84.0,60.0,3.51
Baião,BR,-2.7906,-49.6717,72.59,98.0,50.0,2.59
Provideniya,RU,64.3833,-173.3,19.4,73.0,90.0,8.95
Bengkulu,ID,-3.8004,102.2655,77.25,87.0,53.0,3.04
Dzerzhyns'k,UA,48.3987,37.8479,32.76,86.0,9.0,7.74
Grand Gaube,MU,-20.0064,57.6608,75.99,85.0,19.0,4.61
Atuona,PF,-9.8,-139.0333,80.89,79.0,21.0,19.46
Norman Wells,CA,65.282,-126.8329,14.0,44.0,75.0,9.22
Mungaoli,IN,24.4167,78.1,80.11,19.0,4.0,14.97
Hilo,US,19.7297,-155.09,71.94,65.0,1.0,9.22
Yulara,AU,-25.2406,130.9889,77.0,29.0,0.0,19.57
Harsīn,IR,34.2721,47.5861,32.0,69.0,0.0,0.34
Gonder,ET,12.6,37.4667,63.05,51.0,42.0,3.83
Chipinge,ZW,-20.1883,32.6236,55.02,94.0,24.0,3.71
Pobé,BJ,6.9801,2.6649,78.3,84.0,95.0,4.68
Alofi,NU,-19.0595,-169.9187,86.0,74.0,75.0,13.8
Virginia Beach,US,36.8529,-75.978,48.99,54.0,1.0,4.61
Kapaa,US,22.0752,-159.319,74.48,78.0,75.0,14.97
Qaanaaq,GL,77.484,-69.3632,-13.27,63.0,94.0,7.85
Arman',RU,59.7,150.1667,27.86,62.0,100.0,7.16
Vysokogornyy,RU,50.1167,139.15,34.75,95.0,100.0,2.93
Vila Franca do Campo,PT,37.7167,-25.4333,60.8,88.0,40.0,17.27
Stornoway,GB,58.2093,-6.3865,51.89,93.0,75.0,20.71
Sinnamary,GF,5.3833,-52.95,77.56,86.0,100.0,14.16
Chokurdakh,RU,70.6333,147.9167,1.72,95.0,93.0,4.29
Rāmshīr,IR,30.8946,49.4092,59.0,51.0,0.0,9.22
Nālūt,LY,30.3333,10.85,60.13,23.0,100.0,10.11
Klaksvík,FO,62.2266,-6.589,37.4,81.0,75.0,4.43
Kumul,CN,42.8,93.45,52.29,36.0,100.0,12.57
Ciudad Bolivar,VE,8.1222,-63.5497,80.19,68.0,94.0,16.04
Bilibino,RU,68.0546,166.4372,-1.28,90.0,99.0,4.07
Aykhal,RU,66.0,111.5,21.43,93.0,100.0,4.29
Tautira,PF,-17.7333,-149.15,87.8,58.0,75.0,3.44
Kozhva,RU,65.1073,57.0459,33.17,94.0,100.0,7.4
Balabac,PH,7.9868,117.0645,83.77,72.0,29.0,4.94
Fort Smith,US,35.3859,-94.3986,66.92,32.0,1.0,9.22
La Asuncion,VE,11.0333,-63.8628,76.86,85.0,20.0,17.38
Arlit,NE,18.7369,7.3853,68.05,12.0,0.0,6.31
Fukuechō,JP,32.6881,128.8419,60.8,55.0,75.0,10.36
Nicoya,CR,10.1483,-85.452,80.6,57.0,0.0,25.32
Los Llanos de Aridane,ES,28.6585,-17.9182,58.71,77.0,0.0,9.22
Ambilobe,MG,-13.2,49.05,73.71,95.0,47.0,3.2
Opotiki,NZ,-38.0833,177.2833,67.46,93.0,100.0,7.23
Bauchi,NG,10.5,10.0,70.75,18.0,0.0,6.55
Sitka,US,57.0531,-135.33,39.2,93.0,90.0,5.97
Cabo San Lucas,MX,22.8909,-109.9124,80.02,18.0,40.0,11.5
Cap-aux-Meules,CA,47.3821,-61.8597,32.0,93.0,100.0,28.77
Bethel,US,41.3712,-73.414,43.72,29.0,1.0,4.61
Kaitangata,NZ,-46.2817,169.8464,62.01,81.0,92.0,10.0
Balyqshy,KZ,47.0667,51.8667,28.4,100.0,75.0,8.95
Mombetsu,JP,44.3525,143.3525,51.8,50.0,40.0,14.97
Oistins,BB,13.0667,-59.5333,77.0,73.0,40.0,23.02
Nikolskoye,RU,59.7035,30.7861,40.66,93.0,90.0,15.66
Padang,ID,-0.9492,100.3543,78.8,83.0,40.0,4.61
Fairbanks,US,64.8378,-147.7164,33.49,69.0,90.0,6.91
Clyde River,CA,70.4692,-68.5914,-7.6,84.0,90.0,17.27
Poshekhon'ye,RU,58.4993,39.1353,30.43,91.0,100.0,11.27
Witu,KE,-2.3889,40.4382,80.6,83.0,1.0,3.44
Geraldton,AU,-28.7667,114.6,78.8,65.0,43.0,8.05
Peterhead,GB,57.5058,-1.7981,55.47,76.0,0.0,18.41
Kholmogory,RU,64.2229,41.656,41.0,60.0,40.0,8.95
Timizart,DZ,36.8,4.2667,58.95,32.0,100.0,6.2
Mayumba,GA,-3.432,10.6554,76.87,88.0,100.0,2.8
Minuri,PH,16.535,121.8574,83.1,63.0,12.0,0.87
Coihueco,CL,-36.6167,-71.8333,56.12,82.0,0.0,8.05
Auki,SB,-8.7676,160.7034,87.51,61.0,12.0,3.02
Olafsvik,IS,64.8945,-23.7142,30.24,65.0,100.0,13.29
São Filipe,CV,14.8961,-24.4956,70.3,70.0,24.0,11.88
Upernavik,GL,72.7868,-56.1549,-6.32,71.0,94.0,7.18
Nome,US,64.5011,-165.4064,32.61,93.0,90.0,8.05
Nantucket,US,41.2835,-70.0995,42.42,65.0,1.0,10.36
Husavik,IS,66.0449,-17.3389,21.2,86.0,20.0,3.44
Saint-Georges,GF,3.9,-51.8,72.77,98.0,100.0,2.37
Bubaque,GW,11.2833,-15.8333,75.56,71.0,7.0,10.94
Boralday,KZ,43.3578,76.8594,35.6,100.0,90.0,4.47
Tudela,ES,42.0617,-1.6045,55.4,50.0,47.0,10.36
Mokhsogollokh,RU,61.4681,128.9203,21.7,86.0,95.0,3.0
Rāpar,IN,23.5667,70.6333,74.19,76.0,1.0,12.28
Merowe,SD,18.4833,31.8167,66.92,16.0,0.0,11.16
Esperance,AU,-33.8667,121.9,89.6,18.0,89.0,18.41
Portland,AU,-38.3333,141.6,65.82,67.0,28.0,5.57
Beloha,MG,-25.1667,45.05,67.37,84.0,0.0,3.98
Grimshaw,CA,56.1834,-117.6027,23.0,36.0,40.0,19.57
Store Heddinge,DK,55.3097,12.3889,48.49,87.0,90.0,9.22
Dingle,IE,52.1408,-10.2689,50.88,92.0,36.0,16.11
Roald,NO,62.5833,6.1333,42.57,76.0,75.0,27.63
Iqaluit,CA,63.7506,-68.5145,-2.09,71.0,20.0,16.11
Gualeguaychú,AR,-33.0094,-58.5172,69.01,87.0,94.0,10.0
Altos,BR,-5.0381,-42.46,80.6,89.0,75.0,5.75
Nanortalik,GL,60.1432,-45.2371,28.47,61.0,100.0,10.51
Peniche,PT,39.3558,-9.3811,59.0,86.0,74.0,1.99
Bluff,NZ,-46.6,168.3333,63.0,79.0,86.0,3.0
Lavrentiya,RU,65.5833,-171.0,14.4,86.0,100.0,10.83
Umluj,SA,25.0213,37.2685,71.35,55.0,6.0,10.22
Ulaanbaatar,MN,47.9077,106.8832,37.4,38.0,40.0,11.18
Porto Novo,CV,17.0197,-25.0647,68.0,68.0,40.0,17.27
Beidao,CN,34.5686,105.8933,57.81,59.0,66.0,3.89
Denkendorf,DE,48.6955,9.3168,41.56,70.0,0.0,1.14
Matagami,CA,49.7502,-77.6328,19.4,86.0,1.0,5.75
Mahébourg,MU,-20.4081,57.7,73.4,94.0,20.0,5.75
Abong Mbang,CM,3.9833,13.1833,66.85,85.0,20.0,1.21
Aktanysh,RU,55.7216,54.0829,28.13,96.0,100.0,4.76
Cayhagan,PH,9.6697,122.4256,83.3,68.0,88.0,6.62
Cancún,MX,21.1743,-86.8466,80.19,78.0,40.0,6.91
Acajutla,SV,13.5928,-89.8275,77.0,75.0,67.0,1.99
Camacha,PT,33.0833,-16.3333,60.8,82.0,40.0,12.66
Måløy,NO,61.9353,5.1136,42.35,87.0,90.0,14.97
Rehoboth,NA,-23.3167,17.0833,68.85,54.0,100.0,5.57
Leningradskiy,RU,69.3833,178.4167,-0.04,89.0,100.0,18.39
Verkhniy Avzyan,RU,53.5289,57.5372,25.41,92.0,92.0,4.36
Arraial do Cabo,BR,-22.9661,-42.0278,77.95,87.0,17.0,5.79
Jackson,US,42.4165,-122.8345,52.97,32.0,20.0,13.8
Ponta do Sol,CV,17.1994,-25.0919,68.0,68.0,40.0,17.27
Pevek,RU,69.7008,170.3133,-3.3,91.0,100.0,3.94
Bathsheba,BB,13.2167,-59.5167,77.0,73.0,40.0,23.02
Myrtle Beach,US,33.6891,-78.8867,54.81,58.0,1.0,8.05
Lembeni,TZ,-3.7833,37.6167,67.01,89.0,42.0,3.2
Chicama,PE,-7.8447,-79.1469,73.92,71.0,99.0,5.26
Dubbo,AU,-32.25,148.6167,73.4,56.0,0.0,9.22
Lorengau,PG,-2.0226,147.2712,85.06,68.0,100.0,4.68
Narsaq,GL,60.9167,-46.05,24.8,50.0,75.0,3.44
Egvekinot,RU,66.3167,-179.1667,7.86,72.0,100.0,14.16
Kutum,SD,14.2,24.6667,60.76,12.0,0.0,9.66
Waitati,NZ,-45.75,170.5667,57.0,82.0,100.0,18.99
Ancud,CL,-41.8697,-73.8203,56.1,82.0,0.0,8.05
Suez,EG,29.9737,32.5263,53.87,71.0,0.0,11.3
Lagos,PT,37.102,-8.6742,62.6,82.0,0.0,11.5
Mörön,MN,47.3825,110.3165,41.2,31.0,96.0,13.2
Neuquén,AR,-38.9516,-68.0591,66.2,48.0,0.0,11.14
Thunder Bay,CA,48.4001,-89.3168,37.27,81.0,75.0,16.11
Bandar-e Lengeh,IR,26.5579,54.8807,71.6,83.0,8.0,9.95
Estelle,US,29.8458,-90.1067,64.92,72.0,40.0,10.36
Adrar,DZ,25.75,-1.0,73.78,8.0,13.0,7.14
Areosa,PT,41.7178,-8.8571,58.64,67.0,0.0,6.91
Kizema,RU,61.113,44.8302,28.2,92.0,90.0,10.04
Jatai,BR,-17.8814,-51.7144,71.28,61.0,0.0,3.71
Camapuã,BR,-19.5314,-54.0439,77.41,51.0,41.0,5.66
Saldanha,ZA,-33.0117,17.9442,64.4,88.0,8.0,3.44
Gigmoto,PH,13.7796,124.39,82.96,73.0,100.0,7.7
Ponta Delgada,PT,37.7333,-25.6667,60.8,88.0,40.0,17.27
Safi,MA,32.2994,-9.2372,61.63,83.0,11.0,7.63
Halifax,CA,44.6453,-63.5724,36.91,60.0,33.0,14.97
Road Town,VG,18.4167,-64.6167,78.31,78.0,40.0,17.27
Plainview,US,40.7765,-73.4673,47.21,29.0,1.0,5.75
Sibolga,ID,1.7427,98.7792,74.95,93.0,100.0,3.74
Athabasca,CA,54.7169,-113.2854,20.25,58.0,100.0,16.11
Collie,AU,-33.3667,116.15,71.01,79.0,2.0,8.01
Ibipeba,BR,-11.6408,-42.0111,75.76,42.0,89.0,2.35
Azanka,RU,58.0401,64.7893,11.61,97.0,69.0,3.15
Saint-Philippe,RE,-21.3585,55.7679,70.23,73.0,0.0,5.75
Ternate,ID,0.8,127.4,76.33,87.0,100.0,7.74
Kyrylivka,UA,46.3759,35.3675,42.35,89.0,100.0,13.4
Yenagoa,NG,4.9247,6.2642,76.87,90.0,4.0,3.85
Redding,US,40.5865,-122.3917,65.66,13.0,1.0,16.11
Richards Bay,ZA,-28.783,32.0377,65.3,88.0,30.0,4.14
Constitucion,MX,23.9912,-104.6749,73.27,13.0,90.0,14.97
Oktyabr'skiy,RU,54.4815,53.471,29.23,97.0,100.0,3.11
Pachino,IT,36.7186,15.0907,44.6,87.0,20.0,6.91
Rock Sound,BS,24.9,-76.2,77.04,81.0,100.0,16.37
Lebu,CL,-37.6167,-73.65,55.4,92.0,32.0,1.23
Pisco,PE,-13.7,-76.2167,68.0,77.0,0.0,18.41
Udupi,IN,13.35,74.75,77.0,88.0,75.0,3.85
Erzin,RU,50.261,95.1623,17.85,92.0,90.0,4.03
Aklavik,CA,68.2191,-135.0107,8.6,52.0,100.0,8.05
Carnarvon,AU,-24.8667,113.6333,80.6,83.0,40.0,11.5
Hasaki,JP,35.7333,140.8333,66.99,64.0,75.0,10.36
São Miguel,BR,-5.4667,-35.3667,79.63,89.0,40.0,4.61
Souillac,MU,-20.5167,57.5167,73.4,94.0,20.0,5.75
Sobolevo,RU,54.4299,31.8996,35.87,98.0,100.0,9.15
Zimapan,MX,20.75,-99.35,56.86,69.0,60.0,6.26
Hermitage,US,41.2334,-80.4487,43.7,39.0,20.0,4.61
Northam,AU,-31.6667,116.6667,76.66,61.0,75.0,6.91
Nishihara,JP,26.1842,127.7558,75.61,88.0,75.0,12.66
Guerrero Negro,MX,27.9769,-114.0611,66.06,58.0,99.0,15.48
Savalou,BJ,7.9281,1.9756,79.84,72.0,2.0,6.11
Quatre Cocos,MU,-20.2078,57.7625,74.75,94.0,20.0,5.75
Cairns,AU,-16.9167,145.7667,87.01,54.0,40.0,26.46
Gizo Government Station,SB,-8.103,156.8419,84.2,69.0,93.0,2.71
Ubari,LY,26.5921,12.7805,58.53,30.0,4.0,9.42
Faanui,PF,-16.4833,-151.75,82.4,71.0,100.0,14.36
Ambulu,ID,-8.345,113.6058,81.27,82.0,80.0,0.94
Charters Towers,AU,-20.1,146.2667,82.49,43.0,27.0,16.69
Havøysund,NO,70.9963,24.6622,35.6,75.0,75.0,9.75
Mitsamiouli,KM,-11.3847,43.2844,82.62,68.0,7.0,8.32
Panalingaan,PH,8.7842,117.4231,83.71,72.0,53.0,0.51
Saint-François,GP,16.2526,-61.2741,77.0,83.0,20.0,6.91
Saint George,BM,32.3817,-64.6781,71.26,88.0,75.0,13.8
Le Havre,FR,49.4938,0.1077,50.77,71.0,0.0,4.61
Saint-Augustin,CA,51.226,-58.6502,31.82,96.0,100.0,22.44
Beringovskiy,RU,63.05,179.3167,12.6,83.0,100.0,20.09
Okahandja,NA,-21.9833,16.9167,59.92,82.0,100.0,4.61
Pedasí,PA,7.5333,-80.0333,80.64,76.0,34.0,19.57
Panzhihua,CN,26.5851,101.7128,60.01,40.0,0.0,2.15
Xining,CN,36.6167,101.7667,48.94,46.0,86.0,6.58
Urengoy,RU,65.9667,78.3667,0.48,96.0,100.0,3.6
Melo,UY,-32.3667,-54.1833,62.17,94.0,1.0,8.01
Odda,NO,60.0691,6.5457,44.01,99.0,100.0,1.99
Alyangula,AU,-13.8483,136.4192,85.5,67.0,92.0,13.49
Coyhaique,CL,-45.5752,-72.0662,60.8,77.0,0.0,4.52
Bad Bentheim,DE,52.3167,7.1667,46.35,78.0,65.0,7.99
Ayan,RU,56.45,138.1667,26.76,93.0,100.0,16.96
San Patricio,MX,19.2167,-104.7,77.0,83.0,75.0,2.51
Jiuquan,CN,39.7432,98.5174,46.85,43.0,100.0,4.36
Joaíma,BR,-16.6542,-41.0306,74.03,59.0,0.0,2.04
Caravelas,BR,-17.7125,-39.2481,77.56,75.0,0.0,7.11
Walvis Bay,NA,-22.9575,14.5053,60.4,88.0,83.0,12.66
Cayenne,GF,4.9333,-52.3333,78.91,89.0,75.0,6.91
Aitape,PG,-3.1374,142.3475,85.1,65.0,100.0,0.16
Victoria,SC,-4.6167,55.45,78.8,89.0,20.0,2.3
Tianguá,BR,-3.7322,-40.9917,66.36,97.0,70.0,1.05
Miandrivazo,MG,-19.5167,45.4667,73.17,90.0,0.0,2.17
Baijiantan,CN,45.6333,85.1833,41.83,54.0,100.0,6.13
Chimbote,PE,-9.0853,-78.5783,70.07,83.0,94.0,5.26
Anadyr,RU,64.75,177.4833,5.56,85.0,75.0,22.37
Muros,ES,42.7762,-9.0603,51.62,84.0,5.0,7.29
Vanimo,PG,-2.6741,141.3028,83.98,71.0,100.0,0.98
Gorshechnoye,RU,51.5244,38.0365,33.03,69.0,100.0,6.64
Ifo,NG,6.8144,3.1958,79.3,84.0,100.0,4.38
Linxia Chengguanzhen,CN,35.6003,103.2064,52.61,42.0,29.0,6.26
Toila,EE,59.4236,27.5025,40.68,94.0,100.0,19.06
Pajapan,MX,18.25,-94.7,75.2,83.0,75.0,23.02
Morehead,PG,-8.7107,141.6367,79.12,83.0,100.0,4.41
Rawlins,US,41.7911,-107.2387,30.11,29.0,20.0,25.32
Porecatu,BR,-22.7558,-51.3792,74.05,65.0,0.0,9.22
Soyo,AO,-6.1349,12.3689,79.83,80.0,100.0,7.7
Vilhena,BR,-12.7406,-60.1458,68.52,96.0,23.0,2.89
Madera,MX,29.2,-108.1167,62.08,12.0,100.0,15.01
New Glasgow,CA,45.5834,-62.6486,34.81,75.0,95.0,34.52
Port Blair,IN,11.6667,92.75,80.01,80.0,100.0,3.51
Scarborough,TT,11.1833,-60.7333,78.8,83.0,20.0,8.05
Itaituba,BR,-4.2761,-55.9836,80.6,83.0,40.0,6.91
Lompoc,US,34.6391,-120.4579,52.86,62.0,0.0,13.8
Tiksi,RU,71.6872,128.8694,6.96,92.0,100.0,4.54
Daloa,CI,6.8774,-6.4502,73.26,92.0,2.0,3.09
Huarmey,PE,-10.0681,-78.1522,71.29,81.0,99.0,6.55
Longyearbyen,SJ,78.2186,15.6401,24.8,68.0,40.0,21.85
Sioux Lookout,CA,50.1001,-91.917,42.8,56.0,75.0,10.36
Río Gallegos,AR,-51.6226,-69.2181,53.6,76.0,0.0,4.61
Half Moon Bay,US,37.4636,-122.4286,56.61,81.0,1.0,9.22
Mazamari,PE,-11.3258,-74.5308,68.04,98.0,98.0,1.52
Iralaya,HN,15.0,-83.2333,80.6,78.0,40.0,4.61
Karema,TZ,-6.8205,30.4389,68.9,88.0,100.0,3.24
Uthal,PK,25.8072,66.6219,75.51,79.0,99.0,0.76
Cockburn Town,TC,21.4612,-71.1419,77.59,82.0,0.0,22.39
Catuday,PH,16.2923,119.8062,81.88,69.0,76.0,5.23
Mandera,KE,3.9366,41.867,81.61,58.0,4.0,14.85
Touros,BR,-5.1989,-35.4608,78.8,89.0,40.0,4.61
Kasongo-Lunda,CD,-6.4667,16.8167,68.97,95.0,100.0,0.87
Whitehorse,CA,60.7161,-135.0538,33.4,47.0,90.0,11.5
Praia,CV,14.9215,-23.5087,68.0,77.0,75.0,17.27
Tual,ID,-5.6667,132.75,83.14,74.0,52.0,9.08
Mach,PK,29.8637,67.3298,62.01,21.0,12.0,11.9
Concordia,AR,-31.393,-58.0209,66.99,77.0,74.0,1.99
Teeli,RU,51.0333,90.2333,31.17,44.0,0.0,1.34
Bambous Virieux,MU,-20.3428,57.7575,74.61,94.0,20.0,5.75
Komsomol'skiy,RU,43.9783,46.6985,40.12,83.0,12.0,6.64
Ginir,ET,7.1333,40.7,63.5,55.0,100.0,3.51
Kawalu,ID,-7.3817,108.2082,78.51,82.0,100.0,0.78
Lagoa,PT,39.05,-27.9833,58.23,79.0,100.0,10.11
Severo-Kuril'sk,RU,50.6789,156.125,36.36,95.0,97.0,20.33
Shimsk,RU,58.212,30.7127,41.85,84.0,100.0,16.53
Arraias,BR,-12.9288,-46.9437,72.37,60.0,86.0,1.54
San Pedro Town,BZ,17.916,-87.9659,81.23,78.0,40.0,10.36
Birao,CF,10.2849,22.7882,74.19,16.0,4.0,7.81
Williston,US,48.147,-103.618,20.64,87.0,100.0,15.01
Nemuro,JP,43.3236,145.575,53.6,66.0,75.0,12.66
Şırnak,TR,37.5228,42.4594,36.81,50.0,0.0,6.87
Buala,SB,-8.145,159.5921,86.34,64.0,40.0,3.62
Ranong,TH,9.9658,98.6348,78.8,94.0,75.0,5.75
Glen Allen,US,37.666,-77.5064,48.58,66.0,1.0,4.27
Rust,AT,47.8012,16.6716,52.97,44.0,0.0,6.91
Sargodha,PK,32.0836,72.6711,67.55,46.0,0.0,2.93
Acapulco de Juárez,MX,16.8634,-99.8901,80.6,78.0,40.0,6.91
Oyama,JP,36.3,139.8,66.29,55.0,75.0,11.5
Birecik,TR,37.0294,37.9903,35.6,80.0,0.0,6.69
Emilio Carranza,MX,19.9711,-96.6114,70.5,83.0,100.0,4.25
Kiama,AU,-34.6833,150.8667,69.35,54.0,72.0,3.0
Khadzhalmakhi,RU,42.42,47.1821,35.6,87.0,23.0,2.24
Mao,TD,14.1212,15.3103,69.94,9.0,0.0,16.82
Port Hardy,CA,50.6996,-127.4199,43.9,61.0,40.0,12.66
Sanary-sur-Mer,FR,43.1178,5.8001,48.29,93.0,0.0,2.3
Rayong,TH,12.8333,101.4333,87.03,87.0,95.0,10.71
Houma,US,29.5958,-90.7195,65.26,77.0,40.0,4.61
Novobirilyussy,RU,56.9514,90.6661,22.26,88.0,86.0,9.22
Zhuhai,CN,22.2769,113.5678,81.95,89.0,40.0,6.91
Isangel,VU,-19.55,169.2667,82.4,83.0,75.0,5.75
Thinadhoo,MV,0.5333,72.9333,83.5,73.0,100.0,23.55
Toora-Khem,RU,52.4675,96.11,25.59,75.0,100.0,7.87
Kloulklubed,PW,7.0419,134.2556,86.0,74.0,75.0,8.05
Miura,JP,35.14,139.6192,64.85,68.0,75.0,8.05
Yinchuan,CN,38.4681,106.2731,53.42,37.0,100.0,8.59
Kavaratti,IN,10.5669,72.642,83.01,72.0,100.0,8.75
Ipuã,BR,-20.4381,-48.0122,72.84,65.0,4.0,3.8
High Level,CA,58.5169,-117.136,14.0,57.0,20.0,3.44
Lumut,MY,4.2323,100.6298,78.8,94.0,20.0,2.3
Tazmalt,DZ,36.3868,4.3989,60.69,22.0,90.0,3.42
Weligama,LK,5.9667,80.4167,74.57,86.0,100.0,8.34
Kodinsk,RU,58.6881,99.1844,28.4,95.0,100.0,4.59
Aleksandrov Gay,RU,50.147,48.5704,28.38,89.0,56.0,9.06
Sémbé,CG,1.6481,14.5806,69.69,98.0,100.0,2.57
Vestmannaeyjar,IS,63.4427,-20.2734,33.08,66.0,100.0,5.64
Wundanyi,KE,-3.4019,38.364,62.53,90.0,85.0,1.74
Shihezi,CN,44.3,86.0333,37.2,98.0,100.0,3.4
Najrān,SA,17.4924,44.1277,62.6,29.0,0.0,1.21
Tendō,JP,38.3536,140.3697,59.0,41.0,0.0,3.44
Tamworth,AU,-31.1,150.9333,71.6,56.0,0.0,9.22
Yibin,CN,28.7667,104.6238,73.36,56.0,60.0,1.43
Slave Lake,CA,55.2834,-114.769,19.4,63.0,40.0,16.11
Aulnoye-Aymeries,FR,50.2014,3.8384,46.92,76.0,86.0,2.3
Haines Junction,CA,60.7522,-137.5108,33.8,44.0,100.0,4.61
Maningrida,AU,-12.0667,134.2667,81.32,78.0,94.0,10.45
Tianpeng,CN,30.9866,103.9393,70.0,1.0,100.0,1.99
Labelle,CA,46.2834,-74.7326,28.4,80.0,6.0,1.05
Zvishavane,ZW,-20.3267,30.0665,56.86,88.0,0.0,1.34
Paoua,CF,7.2427,16.4406,73.18,25.0,0.0,2.89
Orán,AR,-23.1322,-64.326,62.82,78.0,24.0,1.01
Yar-Sale,RU,66.8333,70.8333,5.34,96.0,100.0,9.48
Sovetskaya Gavan',RU,48.9723,140.2878,33.3,99.0,100.0,4.7
Hambantota,LK,6.1241,81.1185,71.6,100.0,40.0,1.14
Pacific Grove,US,36.6177,-121.9166,51.91,81.0,0.0,1.01
Jizan,SA,17.3333,42.6667,80.6,69.0,0.0,4.94
Coolum Beach,AU,-26.5333,153.1,74.16,81.0,19.0,1.01
Victor Harbor,AU,-35.5667,138.6167,68.0,73.0,8.0,3.71
Katobu,ID,-4.9408,122.5276,81.1,81.0,85.0,4.7
Teya,RU,60.3778,92.6267,13.89,95.0,97.0,2.53
Ilhabela,BR,-23.7781,-45.3581,77.07,90.0,99.0,1.41
Kulhudhuffushi,MV,6.6221,73.07,83.41,70.0,100.0,14.7
Plettenberg Bay,ZA,-34.0527,23.3716,65.97,64.0,14.0,4.72
Dawei,MM,14.0833,98.2,81.1,69.0,100.0,2.01
Aksarka,RU,66.5606,67.7975,8.15,96.0,82.0,9.28
Lakatoro,VU,-16.0999,167.4164,84.88,70.0,24.0,8.5
Hay River,CA,60.8156,-115.7999,5.0,43.0,93.0,4.61
Upington,ZA,-28.4478,21.2561,71.6,53.0,6.0,9.22
Fort Dodge,US,42.4975,-94.168,68.0,34.0,1.0,19.57
Tel Aviv-Yafo,IL,32.0805,34.7805,49.68,81.0,0.0,4.61
Poso,ID,-1.3959,120.7524,85.14,66.0,55.0,0.76
Port Elizabeth,ZA,-33.918,25.5701,66.2,88.0,0.0,13.8
Barcelos,BR,-0.9747,-62.9242,74.84,97.0,100.0,3.83
Kijang,ID,0.9,104.6333,80.6,89.0,20.0,3.47
Bogotol,RU,56.2078,89.5342,19.94,89.0,100.0,7.43
Lamu,KE,-2.2717,40.902,80.6,83.0,1.0,3.44
Havre-St-Pierre,CA,50.2334,-63.5986,26.6,68.0,90.0,32.21
Nizhniy Ingash,RU,56.2,96.53,28.96,80.0,95.0,12.48
Arrondissement de Perpignan,FR,42.75,2.75,51.4,93.0,40.0,5.75
Raudeberg,NO,61.9875,5.1352,42.01,84.0,100.0,27.09
Kruisfontein,ZA,-34.0033,24.7314,57.99,93.0,9.0,1.01
Byron Bay,AU,-28.65,153.6167,71.87,73.0,75.0,14.97
Sambo Creek,HN,15.8167,-86.6833,77.0,83.0,75.0,6.91
Batagay-Alyta,RU,67.8006,130.4114,7.0,76.0,27.0,2.55
Sakassou,CI,7.4546,-5.2926,77.0,88.0,1.0,6.91
Blackwater,AU,-23.5833,148.8833,83.59,37.0,0.0,14.12
Johnstown,US,40.3267,-78.922,39.11,39.0,1.0,3.91
Kigorobya,UG,1.6162,31.3089,66.83,89.0,100.0,6.35
Vao,NC,-22.6667,167.4833,78.64,68.0,100.0,7.14
Kalmunai,LK,7.4167,81.8167,77.18,79.0,56.0,3.42
Saint-Joseph,RE,-21.3667,55.6167,70.29,73.0,0.0,5.75
Winnemucca,US,40.973,-117.7357,46.4,10.0,1.0,12.66
Lae,PG,-6.7221,146.9847,87.8,62.0,40.0,2.3
Outlook,CA,51.5001,-107.0513,17.28,79.0,100.0,32.21
Zhangjiakou,CN,40.81,114.8794,48.0,19.0,100.0,3.36
Lydenburg,ZA,-25.0978,30.4597,53.64,94.0,22.0,0.25
Tremedal,BR,-14.9758,-41.4108,72.37,46.0,92.0,4.14
Artyom,AZ,40.4723,50.333,44.6,93.0,40.0,3.56
Stantsionno-Oyashinskiy,RU,55.4664,83.8245,23.0,89.0,91.0,1.99
Kahului,US,20.8947,-156.47,75.94,65.0,40.0,14.97
Akdepe,TM,42.0551,59.3788,38.28,81.0,0.0,4.61
Methóni,GR,36.8197,21.7049,55.89,76.0,15.0,2.3
Dali,CN,25.7,100.1833,56.93,36.0,0.0,5.44
Kamenka,RU,51.3223,42.7678,32.0,94.0,100.0,5.03
Steinbach,CA,49.5258,-96.6845,46.33,73.0,100.0,4.0
Zabol,IR,31.0287,61.5012,48.2,46.0,0.0,35.68
Taraz,KZ,42.9,71.3667,39.2,81.0,90.0,4.47
Vyartsilya,RU,62.1764,30.693,38.41,96.0,100.0,14.14
Lensk,RU,60.7253,114.9278,24.64,81.0,100.0,2.44
Fort Nelson,CA,58.8053,-122.7002,23.0,50.0,40.0,6.91
Luoyang,CN,34.6836,112.4536,56.14,44.0,0.0,6.15
Novikovo,RU,51.1537,37.8879,34.41,69.0,100.0,5.77
Adwa,ET,14.1646,38.8955,61.11,43.0,4.0,4.09
Abhā,SA,18.2164,42.5053,57.2,35.0,0.0,2.75
Nara,ML,15.1713,-7.2889,78.62,8.0,0.0,10.63
Korla,CN,41.7597,86.1469,40.98,87.0,100.0,17.72
Nam Dinh,VN,20.4167,106.1667,77.56,83.0,40.0,8.59
Rio Grande,BR,-32.035,-52.0986,64.99,89.0,0.0,14.34
Abu Kamal,SY,34.4506,40.9171,54.07,30.0,1.0,1.14
Eureka,US,40.8021,-124.1637,51.53,67.0,0.0,10.0
Laem Sing,TH,12.4816,102.0738,87.55,74.0,20.0,2.3
Port Lincoln,AU,-34.7333,135.8667,71.98,58.0,0.0,4.23
Okha,RU,53.5739,142.9478,32.29,99.0,100.0,4.97
Dryden,CA,49.7833,-92.7503,46.4,53.0,90.0,18.41
Ixtapa,MX,20.7,-105.2,74.59,69.0,1.0,6.91
Vila Velha,BR,-20.3297,-40.2925,78.8,83.0,0.0,6.91
Sakakah,SA,29.9697,40.2064,55.4,21.0,0.0,11.5
Yerbogachën,RU,61.2767,108.0108,25.56,92.0,83.0,0.63
Lakes Entrance,AU,-37.8811,147.981,66.99,55.0,100.0,1.01
Murray Bridge,AU,-35.1167,139.2667,74.01,45.0,3.0,2.98
Oriximiná,BR,-1.7656,-55.8661,74.88,93.0,86.0,3.58
Abū Zabad,SD,12.35,29.25,69.37,15.0,0.0,14.56
Imbituba,BR,-28.24,-48.6703,71.6,100.0,75.0,2.3
Talnakh,RU,69.4865,88.3972,-23.69,98.0,69.0,2.3
Muzhi,RU,65.3667,64.6667,32.23,94.0,100.0,8.88
Rocha,UY,-34.4833,-54.3333,65.91,87.0,82.0,11.7
Sola,VU,-13.8833,167.55,87.8,74.0,75.0,6.91
Constantine,DZ,36.365,6.6147,53.6,71.0,0.0,2.3
Plouzané,FR,48.3833,-4.6167,52.97,66.0,0.0,9.22
Meulaboh,ID,4.1363,96.1285,75.49,90.0,100.0,6.11
Baishishan,CN,43.5833,127.5667,42.01,70.0,100.0,10.69
Itaunja,IN,27.0833,80.9167,71.6,73.0,0.0,2.82
Omsukchan,RU,62.5333,155.8,11.59,75.0,100.0,4.32
Abu Dhabi,AE,24.4667,54.3667,72.37,78.0,0.0,3.44
Mehrān,IR,33.1222,46.1646,39.2,52.0,0.0,4.61
Maniwaki,CA,46.3834,-75.966,26.6,80.0,27.0,1.14
Kirkwall,GB,58.9848,-2.9587,48.2,93.0,90.0,10.36
Mahibadhoo,MV,3.7833,72.9667,81.72,76.0,100.0,9.26
Zaoyang,CN,32.1272,112.7542,59.52,66.0,100.0,6.17
Ayagoz,KZ,47.9714,80.4392,26.31,58.0,100.0,2.84
Bealanana,MG,-14.55,48.7333,63.61,98.0,73.0,2.15
Arrondissement de Rennes,FR,48.1667,-1.6667,44.6,93.0,0.0,2.3
Comodoro Rivadavia,AR,-45.8667,-67.5,60.8,77.0,0.0,5.46
Oktyabr'skiy,RU,54.4815,53.471,29.23,97.0,100.0,3.11
Howard Springs,AU,-12.497,131.047,86.54,58.0,0.0,14.97
Joshīmath,IN,30.5667,79.5667,47.1,48.0,20.0,6.4
Gwanda,ZW,-20.9333,29.0,58.03,86.0,0.0,5.12
Sorong,ID,-0.8833,131.25,83.23,73.0,94.0,7.02
Juneau,US,58.3019,-134.4197,29.34,86.0,90.0,20.71
Porbandar,IN,21.6422,69.6093,77.14,81.0,43.0,9.17
Portalegre,PT,39.2938,-7.4312,57.99,78.0,7.0,1.01
Te Anau,NZ,-45.4167,167.7167,61.36,61.0,100.0,0.67
Zyryanka,RU,65.75,150.85,11.97,82.0,24.0,9.71
Los Andes,CL,-32.8337,-70.5983,64.0,99.0,0.0,1.14
Ribeira Brava,PT,32.65,-17.0667,58.91,77.0,20.0,2.3
Newport,US,41.4901,-71.3128,42.6,39.0,1.0,9.22
Ozernovskiy,RU,51.5,156.5167,39.24,87.0,100.0,23.98
Bozoum,CF,6.3193,16.3799,70.18,32.0,55.0,3.4
Nelson Bay,AU,-32.7167,152.15,71.04,64.0,20.0,19.57
Verkhoshizhem'ye,RU,58.011,49.1038,22.39,99.0,84.0,3.94
Palekastro,GR,35.2,26.25,60.01,61.0,0.0,24.67
Huilong,CN,31.8111,121.655,61.38,73.0,100.0,1.99
Guaratinga,BR,-16.5667,-39.5667,77.0,78.0,0.0,4.61
Catabola,AO,-12.15,17.2833,61.39,99.0,100.0,2.28
Amboasary,MG,-25.0333,46.3833,71.6,94.0,20.0,4.61
Termez,UZ,37.2242,67.2783,44.6,81.0,20.0,9.22
Vardø,NO,70.3705,31.1107,34.32,85.0,98.0,9.44
Xingyi,CN,24.1877,102.817,65.8,29.0,0.0,10.96
Lieksa,FI,63.3167,30.0167,36.5,96.0,100.0,17.52
Kyzyl,RU,51.7,94.45,28.56,87.0,100.0,2.3
Port Macquarie,AU,-31.4333,152.9167,73.99,60.0,44.0,1.99
Jimalalud,PH,9.9797,123.1999,83.03,72.0,100.0,9.04
Buraidah,SA,26.326,43.975,59.0,31.0,0.0,12.66
Kalianget,ID,-7.05,113.9333,82.44,75.0,100.0,1.81
Swellendam,ZA,-34.0226,20.4417,55.4,100.0,70.0,5.75
Maturin,VE,9.75,-63.1767,72.45,95.0,30.0,5.75
Mayo,CA,63.5927,-135.8998,21.2,49.0,75.0,8.05
Hazleton,US,40.9584,-75.9746,38.55,45.0,1.0,3.44
Puerto Escondido,MX,15.85,-97.0667,82.4,74.0,1.0,4.97
Caramay,PH,10.1815,119.236,83.55,72.0,99.0,7.02
Waingapu,ID,-9.6567,120.2641,79.72,87.0,100.0,11.21
Killybegs,IE,54.6333,-8.45,52.0,92.0,12.0,10.0
Gravelbourg,CA,49.8834,-106.5512,15.8,92.0,100.0,40.29
Lehigh Acres,US,26.6254,-81.6248,78.94,73.0,40.0,2.84
Dalen,NO,59.4447,8.0117,44.01,75.0,99.0,10.0
Plátanos,GR,37.6667,21.6167,48.92,93.0,40.0,3.78
Smithers,CA,54.7804,-127.1743,35.6,60.0,75.0,18.41
Hailar,CN,49.2,119.7,34.41,55.0,100.0,3.91
Fürth,DE,49.4759,10.9886,41.0,75.0,0.0,6.91
Myitkyina,MM,25.3833,97.4,71.51,29.0,4.0,1.57
Pringsewu,ID,-5.3582,104.9744,77.59,90.0,97.0,2.75
Melito di Porto Salvo,IT,37.9222,15.7714,51.13,67.0,9.0,9.22
Anta,PT,41.2663,-8.6284,58.41,67.0,0.0,6.91
Craig,US,40.5153,-107.5464,36.72,35.0,90.0,10.36
Fuling,CN,29.7022,107.3919,70.84,80.0,69.0,1.52
Partizanskoye,RU,55.5006,94.39,24.82,68.0,0.0,18.16
Rawson,AR,-43.3002,-65.1023,62.38,69.0,7.0,16.78
Westport,IE,53.8,-9.5167,53.37,15.0,3.0,3.0
Vila Praia de Âncora,PT,41.811,-8.8526,57.9,71.0,0.0,3.44
Luau,AO,-10.7073,22.2247,62.69,97.0,98.0,3.51
Kuril'sk,RU,45.2333,147.8833,40.57,85.0,46.0,6.53
Salina,US,38.8403,-97.6114,71.35,28.0,1.0,29.93
Anūpgarh,IN,29.1911,73.2086,75.83,12.0,0.0,11.03
Genhe,CN,50.7833,121.5167,31.77,64.0,18.0,3.33
Orthez,FR,43.4884,-0.7724,52.27,82.0,0.0,5.75
Limenas Hersonissou,GR,35.3162,25.3928,55.18,87.0,20.0,14.97
Masallātah,LY,32.6167,14.0,56.95,58.0,0.0,7.38
Tagāb,AF,34.855,69.6492,41.0,65.0,0.0,2.3
De Aar,ZA,-30.6497,24.0123,64.4,27.0,0.0,2.75
Marquette,US,46.5333,-87.6335,41.23,75.0,100.0,5.99
Puri,IN,19.8,85.85,80.6,89.0,40.0,22.37
Alibag,IN,18.6411,72.8792,80.6,89.0,82.0,1.21
Dhārchula,IN,29.85,80.5333,57.87,36.0,23.0,8.28
Elizabeth City,US,36.2946,-76.2511,50.74,66.0,1.0,9.22
Pedersore,FI,63.65,22.6833,37.49,87.0,0.0,12.66
Guilin,CN,25.2819,110.2864,73.4,88.0,90.0,3.06
Rauma,FI,61.1272,21.5113,41.0,93.0,0.0,5.75
Chilca,PE,-12.5211,-76.7372,72.12,78.0,0.0,11.5
Champerico,GT,14.3,-91.9167,84.2,74.0,75.0,6.91
Innisfail,AU,-17.5333,146.0333,82.51,63.0,100.0,15.01
Osa,RU,57.2829,55.4567,30.07,98.0,97.0,2.46
Iracoubo,GF,5.4802,-53.2011,77.45,86.0,100.0,14.23
Camaná,PE,-16.6228,-72.7111,70.36,83.0,96.0,8.14
Mossamedes,AO,-15.1961,12.1522,74.59,86.0,57.0,6.06
Pierre,US,44.3683,-100.351,48.09,25.0,75.0,31.07
Esim,GH,4.8699,-2.2405,78.48,88.0,6.0,6.13
Monte Patria,CL,-30.6919,-70.9467,69.4,56.0,0.0,2.39
Ust'-Koksa,RU,50.2696,85.6108,10.54,87.0,13.0,0.74
Gamba,GA,-2.65,10.0,75.31,89.0,100.0,2.48
Hayden,US,47.766,-116.7866,42.01,30.0,1.0,7.0
Karaman Province,TR,37.0833,33.25,36.27,53.0,0.0,2.26
Aquiraz,BR,-3.9014,-38.3911,80.22,89.0,20.0,4.61
San Vicente,PH,15.2955,120.6465,84.2,65.0,75.0,4.61
Kerman,IR,30.2832,57.0788,46.4,25.0,0.0,4.61
Mehamn,NO,71.0357,27.8492,29.7,85.0,27.0,9.95
Ha Tinh,VN,18.3333,105.9,85.55,53.0,3.0,3.67
Itapirapuã,BR,-15.8233,-50.6133,73.17,73.0,0.0,2.1
Port-Cartier,CA,50.0334,-66.8654,22.39,53.0,20.0,18.41
Carnarvon,ZA,-30.9683,22.133,68.29,25.0,0.0,5.88
Abbeville,US,29.9746,-92.1343,63.73,55.0,1.0,3.44
Tromsø,NO,69.6496,18.957,30.33,86.0,75.0,1.14
Mackay,AU,-21.15,149.2,83.73,61.0,40.0,20.71
Atherton,AU,-17.2667,145.4833,85.23,54.0,40.0,26.46
Mpulungu,ZM,-8.7623,31.1141,71.31,80.0,99.0,5.19
Las Vegas,US,36.175,-115.1372,80.69,6.0,1.0,5.75
Kampot,KH,10.6167,104.1833,85.24,66.0,20.0,4.61
Trairi,BR,-3.2778,-39.2689,76.19,91.0,44.0,5.28
Palmer,US,42.1584,-72.3287,39.13,36.0,1.0,12.66
Statesboro,US,32.4488,-81.7832,60.28,41.0,1.0,5.75
Kathu,TH,7.9178,98.3332,84.52,94.0,20.0,3.44
Eastbourne,GB,50.7687,0.2845,43.3,83.0,60.0,2.62
Berlevåg,NO,70.8578,29.0864,33.3,81.0,45.0,10.4
Mineiros,BR,-17.5694,-52.5511,70.43,64.0,0.0,2.21
Tazovsky,RU,67.4667,78.7,-17.59,97.0,57.0,6.49
Poum,NC,-20.2333,164.0167,79.79,75.0,40.0,9.71
Alekseyevka,RU,50.6309,38.6903,33.93,85.0,100.0,6.91
Bonfim,BR,3.0833,-59.95,80.26,70.0,100.0,10.54
Sørland,NO,67.667,12.6934,38.91,88.0,100.0,27.47
Smila,UA,49.2224,31.8871,37.98,73.0,16.0,6.11
East Chicago,US,41.6392,-87.4548,54.28,44.0,1.0,13.8
Freeport,US,40.6576,-73.5832,48.09,29.0,1.0,5.75
Crailsheim,DE,49.1344,10.0719,38.52,86.0,10.0,6.91
Prattville,US,32.464,-86.4597,56.07,66.0,1.0,3.44
Tuatapere,NZ,-46.1333,167.6833,63.0,79.0,100.0,3.0
Znamenskoye,RU,57.1281,73.8282,3.02,98.0,76.0,4.63
Pilar,PH,14.66,120.5653,87.8,58.0,75.0,8.05
Junction City,US,39.0286,-96.8314,71.8,25.0,1.0,26.46
Uruguaiana,BR,-29.7547,-57.0883,66.2,88.0,0.0,4.61
Coruripe,BR,-10.1256,-36.1756,77.72,86.0,100.0,7.2
Ilulissat,GL,69.2167,-51.1,17.6,49.0,75.0,18.41
Maceió,BR,-9.6658,-35.7353,77.0,100.0,75.0,2.3
Mahajanga,MG,-15.7167,46.3167,77.0,94.0,20.0,2.3
Sehithwa,BW,-20.4667,22.7167,67.14,52.0,0.0,6.8
Kinablangan,PH,7.6947,126.5503,78.85,88.0,100.0,7.9
Sosnogorsk,RU,63.6023,53.8817,33.21,95.0,100.0,7.36
Mérida,ES,38.9161,-6.3437,57.99,78.0,99.0,1.01
Kiunga,PG,-6.1219,141.2906,83.57,72.0,82.0,3.29
Guaíra,BR,-20.3183,-48.3106,76.89,59.0,82.0,5.82
Grand Baie,MU,-20.0182,57.5802,75.99,85.0,17.0,4.59
Kramat,ID,-8.1311,113.4499,81.18,84.0,91.0,1.16
Tieli,CN,46.95,128.05,38.5,74.0,100.0,10.78
Verkhnyaya Inta,RU,65.9811,60.3094,32.29,98.0,100.0,14.61
Kesinga,IN,20.2,83.2333,78.33,25.0,9.0,5.21
Bantou,CN,26.2151,117.4893,79.48,72.0,68.0,3.24
Sahuaripa,MX,29.05,-109.2333,84.52,7.0,100.0,11.32
Labuan,MY,5.2767,115.2417,82.2,89.0,40.0,2.08
Finschhafen,PG,-6.6024,147.8681,85.53,66.0,50.0,10.74
Derzhavīnsk,KZ,51.1,66.3167,15.58,98.0,98.0,3.62
Stephenville,CA,48.55,-58.5818,32.0,93.0,90.0,28.77
San Quintín,MX,30.4833,-115.95,62.53,71.0,100.0,10.65
Kaifeng,CN,34.7911,114.3483,57.2,47.0,0.0,8.95
Effingham County,US,32.3669,-81.3332,56.98,58.0,1.0,5.75
Itoman,JP,26.1247,127.6694,76.3,94.0,75.0,9.22
Kinna,SE,57.5073,12.6946,45.21,93.0,90.0,13.8
Beaumont,US,30.0861,-94.1019,60.4,51.0,1.0,4.61
Kurlovo,RU,55.4325,40.4854,22.78,98.0,21.0,3.44
Turrialba,CR,9.9047,-83.6835,68.9,73.0,20.0,16.11
Gushikawa,JP,26.3544,127.8686,77.0,94.0,90.0,11.5
Mount Isa,AU,-20.7333,139.5,89.6,33.0,0.0,14.97
Kirakira,SB,-10.4544,161.9205,86.16,68.0,54.0,7.09
Fengzhen,CN,40.4394,113.1536,45.37,28.0,100.0,5.17
Ürümqi,CN,43.801,87.6005,33.8,100.0,90.0,6.71
Porto-Vecchio,FR,41.591,9.2795,42.48,100.0,0.0,4.18
Zwedru,LR,6.0667,-8.1281,72.55,97.0,8.0,2.75
Daru,PG,-9.0763,143.2092,77.97,89.0,100.0,4.12
Mingguang,CN,32.7802,117.9638,59.2,45.0,100.0,15.39
Yashkino,RU,55.8736,85.4265,21.2,93.0,40.0,8.95
Huron,US,41.1501,-82.5499,43.99,57.0,3.0,1.99
Salta,AR,-24.7859,-65.4117,62.6,82.0,75.0,3.44
Leh,IN,34.1667,77.5833,27.75,83.0,57.0,4.83
Vostok,RU,46.4856,135.8833,32.59,99.0,100.0,3.49
Florø,NO,61.5996,5.0328,42.8,87.0,90.0,14.97
Sayyan,YE,15.1718,44.3244,53.58,34.0,0.0,3.49
Clearlake,US,38.9582,-122.6264,64.26,29.0,0.0,3.0
Mikkeli,FI,61.6886,27.2723,38.32,100.0,90.0,9.22
Graaff-Reinet,ZA,-32.2522,24.5308,65.73,37.0,41.0,4.12
Lukulu,ZM,-14.3707,23.242,62.62,89.0,22.0,6.58
Odienné,CI,9.51,-7.5692,79.09,58.0,4.0,4.43
Buchanan,LR,5.8808,-10.0467,78.8,94.0,75.0,2.98
Āsosa,ET,10.0667,34.5333,69.8,30.0,21.0,3.27
Capão da Canoa,BR,-29.7456,-50.0097,67.55,67.0,0.0,6.76
San Francisco Chimalpa,MX,19.4333,-99.35,70.34,45.0,90.0,13.8
Presidente Olegário,BR,-18.4178,-46.4181,69.01,1.0,42.0,3.02
Mareeba,AU,-17.0,145.4333,84.97,54.0,40.0,26.46
Ostrovnoy,RU,68.0531,39.5131,34.47,96.0,100.0,23.76
Banda Aceh,ID,5.5577,95.3222,80.55,79.0,100.0,10.83
Kieta,PG,-6.2167,155.6333,86.36,65.0,22.0,5.82
Tiznit Province,MA,29.5833,-9.5,59.68,59.0,0.0,1.66
Qingyuan,CN,23.7,113.0333,78.46,78.0,75.0,4.47
Mandalgovi,MN,45.7625,106.2708,38.61,47.0,0.0,19.8
Felanitx,ES,39.4696,3.1483,52.59,93.0,0.0,8.05
Anderson,US,34.5334,-82.6499,52.9,50.0,1.0,3.06
Yashkul',RU,46.1711,45.3435,39.83,65.0,100.0,8.01
Visnagar,IN,23.7,72.55,73.4,78.0,1.0,3.44
Dzhebariki-Khaya,RU,62.2167,135.8,22.51,87.0,100.0,3.27
Qinhuangdao,CN,39.9317,119.5883,56.03,24.0,9.0,2.28
Trāl,IN,33.9333,75.1,45.9,68.0,1.0,4.5
Tigil',RU,57.8,158.6667,29.5,79.0,100.0,9.04
Pargas,FI,60.3067,22.301,39.11,100.0,100.0,4.61
Biak,ID,-0.9131,122.8766,80.46,76.0,98.0,0.58
Kununurra,AU,-15.7667,128.7333,87.8,40.0,15.0,12.66
Eyl,SO,7.9803,49.8164,74.91,77.0,24.0,6.69
Jalingo,NG,8.8833,11.3667,79.9,20.0,4.0,5.14
Liverpool,CA,44.0335,-64.7155,38.62,56.0,66.0,12.66
Kokopo,PG,-4.352,152.2633,86.13,61.0,100.0,9.37
Nouadhibou,MR,20.931,-17.0347,64.4,88.0,1.0,14.97
Imbituva,BR,-25.23,-50.6044,61.81,98.0,16.0,2.59
Weiser,US,44.251,-116.9693,45.64,27.0,75.0,8.05
Staryy Nadym,RU,65.6118,72.6842,9.9,95.0,100.0,7.78
Sistranda,NO,63.7256,8.834,39.2,87.0,75.0,36.82
Umm Kaddadah,SD,13.6017,26.6876,66.33,14.0,0.0,15.03
Krāslava,LV,55.8951,27.168,43.5,93.0,100.0,10.98
Dezhou,CN,37.4486,116.2925,58.69,42.0,91.0,2.62
Luena,AO,-11.7833,19.9167,62.19,96.0,100.0,2.66
Mahon,ES,39.8885,4.2658,51.8,100.0,20.0,8.05
Ogaminana,NG,7.5946,6.2248,77.13,81.0,100.0,7.87
Daşoguz,TM,41.8363,59.9666,37.4,81.0,0.0,4.61
Vulcan,CA,50.4001,-113.2519,24.46,58.0,0.0,18.41
Tirano,IT,46.2154,10.1679,50.27,53.0,49.0,6.42
Mazagão,BR,-0.115,-51.2894,84.2,94.0,0.0,8.05
Ballina,AU,-28.8667,153.5667,72.01,73.0,75.0,14.97
Det Udom,TH,14.906,105.0784,89.37,66.0,20.0,3.44
Maun,BW,-19.9833,23.4167,68.0,77.0,0.0,6.91
San Miguel de Tucumán,AR,-26.8241,-65.2226,66.2,82.0,0.0,8.05
Dongsheng,CN,39.8161,109.9776,48.52,30.0,87.0,7.99
Sesheke,ZM,-17.4759,24.2968,61.83,86.0,0.0,5.03
São Paulo de Olivença,BR,-3.3783,-68.8725,73.63,97.0,88.0,1.3
Manzhouli,CN,49.6,117.4333,34.9,52.0,100.0,9.44
Pozo Colorado,PY,-23.4923,-58.7972,68.86,70.0,100.0,5.82
Icod de los Vinos,ES,28.3724,-16.7119,58.37,95.0,14.0,2.91
Nuuk,GL,64.1835,-51.7216,30.11,69.0,90.0,26.46
Bikaner,IN,28.0167,73.3,76.3,11.0,7.0,10.18
Newport,GB,51.5877,-2.9984,42.8,93.0,0.0,2.57
Svetlaya,RU,46.5389,138.3297,39.38,93.0,100.0,10.16
Pontes e Lacerda,BR,-15.2261,-59.3353,73.92,83.0,13.0,1.14
Kikwit,CD,-5.041,18.8162,71.1,92.0,100.0,0.51
Bokoro,TD,12.3807,17.0568,75.29,7.0,0.0,15.9
Ashquelon,IL,31.6693,34.5715,49.77,81.0,0.0,4.61
Preobrazheniye,RU,42.9019,133.9064,43.95,66.0,14.0,8.55
Putina,PE,-15.4667,-69.4333,45.14,81.0,37.0,4.27
Calabozo,VE,8.9242,-67.4293,88.32,42.0,100.0,9.1
Calama,CL,-22.4667,-68.9333,60.8,23.0,0.0,9.22
Mājalgaon,IN,19.15,76.2333,78.82,24.0,100.0,9.51
Pendleton,US,45.6721,-118.7886,45.63,49.0,90.0,10.36
Laguna,BR,-28.4825,-48.7808,71.02,87.0,89.0,3.2
San Lorenzo,AR,-28.1331,-58.7673,63.57,76.0,0.0,1.12
Uyskoye,RU,54.3775,60.0047,19.6,98.0,100.0,1.52
Barsovo,RU,61.1667,73.1667,-0.4,92.0,0.0,6.71
Saint-Louis,RE,-21.2667,55.4167,71.04,73.0,0.0,5.75
Wé,NC,-20.9169,167.2646,84.63,59.0,100.0,9.98
Ruwi,OM,23.5996,58.5507,77.0,36.0,0.0,4.61
Hare Bay,CA,48.8499,-54.0148,37.26,93.0,100.0,14.97
Marovoay,MG,-16.1,46.6333,77.0,94.0,20.0,2.3
Sokone,SN,13.8833,-16.3667,80.6,61.0,0.0,9.22
Kabompo,ZM,-13.5927,24.2008,60.04,97.0,17.0,6.22
Tomatlán,MX,19.9333,-105.25,76.01,54.0,24.0,4.0
São Gotardo,BR,-19.3111,-46.0489,69.01,1.0,46.0,3.15
Hamilton,BM,32.2915,-64.778,71.15,88.0,75.0,13.8
Samarai,PG,-10.6167,150.6667,84.78,70.0,96.0,9.98
Quryq,KZ,43.2,51.65,40.39,69.0,9.0,4.45
Sabha,LY,27.0377,14.4283,59.29,32.0,5.0,9.6
Laredo,US,27.5064,-99.5075,72.45,43.0,1.0,17.27
Pāsighāt,IN,28.0667,95.3333,75.24,22.0,99.0,1.7
Jamiltepec,MX,16.2833,-97.8167,74.88,66.0,96.0,3.6
West Richland,US,46.3043,-119.3614,50.29,28.0,40.0,19.57
Kapit,MY,2.0167,112.9333,79.48,86.0,99.0,1.01
Agua Prieta,MX,31.3,-109.5667,71.35,11.0,100.0,5.01
Hohhot,CN,40.8106,111.6522,44.6,33.0,0.0,4.47
Pakse,LA,15.1167,105.7833,84.2,65.0,40.0,11.5
Dunda,TZ,-8.1167,34.25,61.57,96.0,90.0,1.95
Oban,GB,56.4127,-5.4706,51.4,93.0,88.0,5.01
Tura,RU,64.2833,100.25,6.42,98.0,100.0,2.62
Karasjok,NO,69.4719,25.5112,33.8,86.0,90.0,6.91
Owando,CG,-0.4819,15.8999,70.56,98.0,100.0,1.36
Tirumala,IN,13.6833,79.35,80.6,83.0,20.0,11.5
Inverell,AU,-29.7833,151.1167,74.39,45.0,0.0,1.99
Tezu,IN,27.9167,96.1667,76.62,20.0,99.0,0.27
Polyarny,RU,69.1989,33.4478,33.8,93.0,75.0,8.95
Gouyave,GD,12.1646,-61.7296,78.8,89.0,20.0,14.97
Mlandizi,TZ,-6.7,38.7333,73.17,97.0,100.0,3.78
Porkhov,RU,57.765,29.5561,42.8,93.0,100.0,13.42
Saint-Pierre,RE,-21.3393,55.4781,71.1,73.0,0.0,5.75
Bajil,YE,15.0584,43.2851,82.31,56.0,0.0,2.1
Sinop Province,TR,41.7711,34.8709,35.83,96.0,100.0,0.45
Yining,CN,29.0361,114.5636,67.6,93.0,100.0,3.02
Yarmouth,CA,43.8335,-66.1156,38.07,52.0,20.0,25.32
Praya,ID,-8.7054,116.2704,84.2,79.0,20.0,3.44
Gusau,NG,12.1628,6.6614,77.05,14.0,0.0,13.71
Palauig,PH,15.435,119.9045,84.18,65.0,72.0,4.09
Santa Cruz,CL,-34.6333,-71.3667,63.32,63.0,0.0,3.44
Nador,MA,35.174,-2.9287,59.97,94.0,90.0,6.91
Realeza,BR,-25.7689,-53.5325,63.37,94.0,100.0,2.86
Mezen',RU,65.8522,44.24,35.74,87.0,100.0,13.76
Kirkenær,NO,60.4564,12.0582,42.28,70.0,0.0,4.61
Cartagena,ES,37.6051,-0.9862,59.7,72.0,94.0,19.57
Celestún,MX,20.8667,-90.4,80.53,71.0,6.0,16.26
Basoko,CD,1.2391,23.616,69.71,86.0,100.0,3.76
Tapes,BR,-30.6733,-51.3958,65.86,74.0,0.0,9.95
Maniitsoq,GL,65.4167,-52.9,23.63,58.0,100.0,17.22
Cumana,VE,10.4635,-64.1775,77.59,81.0,20.0,16.28
Laishevo,RU,55.4046,49.5504,24.8,63.0,0.0,8.95
Maués,BR,-3.3836,-57.7186,74.43,96.0,74.0,2.68
Taicheng,CN,38.731,113.228,49.46,39.0,98.0,1.99
Lagos,NG,6.5833,3.75,78.76,87.0,42.0,3.87
Shumikha,RU,55.2261,63.2961,10.2,98.0,99.0,1.48
Ust'-Omchug,RU,61.15,149.6333,16.5,74.0,100.0,3.44
Shaoyang,CN,27.2315,111.4525,68.02,89.0,100.0,4.68
Gulariyā,NP,28.2333,81.3333,73.99,82.0,2.0,1.99
Lodja,CD,-3.4833,23.4333,68.41,85.0,99.0,1.86
Kimry,RU,56.8667,37.35,28.53,93.0,49.0,9.24
Salalah,OM,17.0151,54.0924,89.6,19.0,0.0,12.66
Jalu,LY,29.0331,21.5482,54.86,52.0,1.0,7.96
Devils Lake,US,48.1128,-98.8651,35.29,51.0,40.0,36.82
Baykit,RU,61.67,96.37,14.13,94.0,100.0,2.06
Along,IN,28.1667,94.7667,66.79,31.0,100.0,1.12
Nizhniy Odes,RU,63.6445,54.856,31.82,96.0,100.0,6.69
Vorotynets,RU,56.0603,45.8633,20.91,98.0,90.0,3.0
Medvedka,RU,61.1629,46.387,27.88,92.0,86.0,9.4
Nagato,JP,34.3833,131.2,58.35,94.0,75.0,5.75
Sur,OM,22.5667,59.5289,82.51,36.0,1.0,3.78
Chul'man,RU,56.8479,124.9104,17.47,90.0,100.0,4.12
Podgornoye,RU,51.735,39.1496,28.4,93.0,0.0,2.24
Qasigiannguit,GL,68.8193,-51.1922,17.6,49.0,75.0,18.41
Gashua,NG,12.871,11.0482,72.75,8.0,0.0,14.12
Trim,IE,53.555,-6.7917,52.81,82.0,75.0,17.27
Sunrise Manor,US,36.2111,-115.0731,81.61,6.0,1.0,11.5
Taoudenni,ML,22.6783,-3.9836,80.2,6.0,100.0,10.67
Three Hills,CA,51.7001,-113.2686,23.77,50.0,8.0,26.46
Flinders,AU,-34.5833,150.8552,72.0,53.0,55.0,4.0
Brown Deer,US,43.1633,-87.9645,56.84,35.0,1.0,23.02
Ritchie,ZA,-29.038,24.6028,55.4,94.0,0.0,9.22
Salinópolis,BR,-0.6136,-47.3561,78.08,88.0,100.0,9.84
Wattegama,LK,6.7989,81.4808,71.6,100.0,40.0,2.3
Verkhotur'ye,RU,58.8627,60.8054,19.54,95.0,72.0,4.45
San Cristobal,EC,-0.9045,-89.6174,79.16,81.0,29.0,8.14
Wahiawā,US,21.5028,-158.0236,79.48,65.0,90.0,14.97
Khovd,MN,48.0056,91.6419,33.01,37.0,100.0,6.24
Shubarkuduk,KZ,49.1447,56.4872,26.1,91.0,81.0,4.03
Qom,IR,34.6401,50.8764,49.62,29.0,50.0,6.46
Patterson,US,37.4716,-121.1297,71.51,26.0,1.0,14.97
Waddān,LY,29.1614,16.139,55.98,44.0,94.0,6.67
Washougal,US,45.5826,-122.3534,48.42,35.0,20.0,16.11
Cavallino,IT,40.3125,18.2004,49.71,100.0,75.0,16.13
Mirny,RU,62.5353,113.9611,22.5,93.0,100.0,4.56
Ulladulla,AU,-35.35,150.4667,64.96,45.0,0.0,8.05
Stepnyak,KZ,52.8339,70.7803,8.19,98.0,96.0,6.2
Washington,US,47.5001,-120.5015,43.38,44.0,0.0,1.99
Cap Malheureux,MU,-19.9842,57.6142,75.99,85.0,18.0,4.74
Grindavik,IS,63.8424,-22.4338,28.4,74.0,40.0,11.5
Lyuban',BY,52.7985,28.0048,38.53,77.0,100.0,6.98
Cockburn Town,BS,24.0333,-74.5167,77.22,76.0,100.0,17.47
Kiruna,SE,67.8557,20.2251,30.2,93.0,90.0,11.5
Coxim,BR,-18.5067,-54.76,76.69,44.0,0.0,3.67
Tabou,CI,4.423,-7.3528,78.35,86.0,5.0,3.22
Novaya Igirma,RU,57.1334,103.9112,30.4,88.0,100.0,7.29
Jurilovca,RO,44.7667,28.8667,41.61,87.0,17.0,11.5
Labuhan,ID,-6.8844,112.2051,80.98,82.0,49.0,5.37
Jinchang,CN,38.4953,102.1739,48.99,27.0,100.0,3.04
Novogornyy,RU,55.63,60.7919,23.0,80.0,40.0,2.24
Tommot,RU,58.9564,126.2925,26.15,87.0,100.0,1.97
Okhotsk,RU,59.3833,143.3,22.35,85.0,100.0,7.25
Presidencia Roque Sáenz Peña,AR,-26.7852,-60.4388,68.0,85.0,0.0,1.7
Inírida,CO,3.8653,-67.9239,75.56,95.0,100.0,2.04
Atbasar,KZ,51.8,68.3333,11.71,98.0,95.0,4.38
Raigarh,IN,21.9,83.4,71.6,56.0,31.0,2.62
Sisimiut,GL,66.9395,-53.6735,18.97,55.0,100.0,15.64
Warrington,US,30.3841,-87.275,62.24,63.0,1.0,5.75
Biu,NG,10.6129,12.1946,72.61,13.0,2.0,10.58
Minot,US,48.2325,-101.2963,27.72,64.0,75.0,34.52
Brighton,US,43.1476,-77.5506,35.53,48.0,1.0,3.44
Jutaí,BR,-5.1833,-68.9,73.49,98.0,97.0,2.35
Korsholm,FI,63.1142,21.6822,36.81,81.0,0.0,13.8
Bunga,PH,11.4838,124.5918,81.97,75.0,100.0,5.03
Chapais,CA,49.7834,-74.8492,14.0,79.0,1.0,6.91
Avilés,ES,43.5547,-5.9248,58.87,67.0,29.0,5.75
Hammerfest,NO,70.6634,23.6821,35.6,75.0,75.0,7.18
La Baule-Escoublac,FR,47.2922,-2.364,49.48,66.0,0.0,3.44
Taltal,CL,-25.4,-70.4833,65.14,77.0,7.0,2.71
Camopi,GF,3.1655,-52.3158,71.82,99.0,100.0,2.19
Strezhevoy,RU,60.7333,77.5889,-4.0,84.0,0.0,4.47
El Escorial,ES,40.5914,-4.1474,53.33,54.0,6.0,5.59
Kānkānhalli,IN,12.55,77.4167,73.4,88.0,75.0,9.22
Makakilo City,US,21.3469,-158.0858,80.04,61.0,90.0,9.22
